Workbook

Sheet 1-Blade sections
A1: Instructions for the Users:
A2: Insert your values
A3: 1. Copy paste your values of local radius, chord length and twist angle from Excel file attached to Assignment 4 'Adjust blade geometry_Fall26' (cells A to C)
A4: 2. Copy the relative coordinates (i.e. x/c and y/c) in the designated columns (cells J and K)
A5: 3. If the number of coordinates for your airfoil is more than the table marked below, extend the columns named 'Translated x/c', 'Translated y/c', 'Section 2' and so on upto the same number of rows as your coordinates
A7: What's going on in the sheet?
A8: 1. The cylinder/airfoil profile has been translated to locate the center of the airfoil chord at the origin (cells (J,k) and (O,P))
A9: 2. Airfoil/cylinder has been scaled up by the factor of the chord length/diameter, transformed to [mm], and the coordinates are now rotated about the origin by the respective twist angle (from cell R on)
A10: 3. The coordinates are put together, along with the Z coordinate, which is the local radius, separated by commas (in next sheet "3-Data to be imported to Fusion"). Those are the data you will import to Fusion360 when you will start with your CAD design
E12: Section 1: cylinder | J12: Other sections: airfoil | O12: Section1 (cylinder) | R12: Section 2 | U12: Section 3 | X12: Section 4 | AA12: Section 5 | AD12: Section 6 | AG12: Section 7 | AJ12: Section 8 | AM12: Section 9 | AP12: Section 10 | AS12: Section 11 | AV12: Section 12 | AY12: Section 13 | BB12: Section 14 | BE12: Section 15 | BH12: Section 16 | BK12: Section 17 | BN12: Section 18 | BQ12: Section 18 | BT12: Section 18
A13: local radius [m] | B13: chord length [m] | C13: Twist [deg] | E13: x/c | F13: y/c | G13: Translated x/c | H13: Translated y/c | J13: x/c | K13: y/c | L13: Translated x/c | M13: Translated y/c | O13: X1 | P13: Y1 | R13: X2 | S13: Y2 | U13: X3 | V13: Y3 | X13: X4 | Y13: Y4 | AA13: X5 | AB13: Y5 | AD13: X6 | AE13: Y6 | AG13: X7 | AH13: Y7 | AJ13: X8 | AK13: Y8 | AM13: X9 | AN13: Y9 | AP13: X10 | AQ13: Y10 | AS13: X11 | AT13: Y11 | AV13: X12 | AW13: Y12 | AY13: X13 | AZ13: Y13 | BB13: X14 | BC13: Y14 | BE13: X15 | BF13: Y15 | BH13: X16 | BI13: Y16 | BK13: X17 | BL13: Y17 | BN13: X18 | BO13: Y18 | BQ13: X19 | BR13: Y19 | BT13: X20 | BU13: Y20
A14: 0.03 | B14: 0.048 | C14: 0 | E14: 1 | F14: 0 | G14: =E14-(MIN($E$14:$E$46)+MAX($J$14:$J$48))/2 -> 0.49939 | H14: =F14-(INDEX($F$14:$F$48,MATCH(MIN($E$14:$E$48),$E$14:$E$48,0))+INDEX($F$14:$F$48,MATCH(MAX($E$14:$E$48),$E$14:$E$48,0)))/2 -> -0.01744 | J14: 1 | K14: 0.0016 | L14: =J14-(MIN($J$14:$J$48)+MAX($J$14:$J$48))/2 -> 0.5 | M14: =K14-(INDEX($K$14:$K$48,MATCH(MIN($J$14:$J$48),$J$14:$J$48,0))+INDEX($K$14:$K$48,MATCH(MAX($J$14:$J$48),$J$14:$J$48,0)))/2 -> 0.0008 | O14: =(G14*COS(RADIANS($C$14))-H14*SIN(RADIANS($C$14)))*$B$14*1000 -> 23.97072 | P14: =(G14*SIN(RADIANS($C$14))+H14*COS(RADIANS($C$14)))*$B$14*1000 -> -0.83712 | R14: =(L14*COS(RADIANS($C$15))-M14*SIN(RADIANS($C$15)))*$B$15*1000 -> 92.560497 | S14: =(L14*SIN(RADIANS($C$15))+M14*COS(RADIANS($C$15)))*$B$15*1000 -> 53.718696 | U14: =(L14*COS(RADIANS($C$16))-M14*SIN(RADIANS($C$16)))*$B$16*1000 -> 89.423649 | V14: =(L14*SIN(RADIANS($C$16))+M14*COS(RADIANS($C$16)))*$B$16*1000 -> 33.395412 | X14: =(L14*COS(RADIANS($C$17))-M14*SIN(RADIANS($C$17)))*$B$17*1000 -> 76.920717 | Y14: =(L14*SIN(RADIANS($C$17))+M14*COS(RADIANS($C$17)))*$B$17*1000 -> 20.009353 | AA14: =(L14*COS(RADIANS($C$18))-M14*SIN(RADIANS($C$18)))*$B$18*1000 -> 65.311129 | AB14: =(L14*SIN(RADIANS($C$18))+M14*COS(RADIANS($C$18)))*$B$18*1000 -> 12.427885 | AD14: =(L14*COS(RADIANS($C$19))-M14*SIN(RADIANS($C$19)))*$B$19*1000 -> 56.02042 | AE14: =(L14*SIN(RADIANS($C$19))+M14*COS(RADIANS($C$19)))*$B$19*1000 -> 8.0333557 | AG14: =(L14*COS(RADIANS($C$20))-M14*SIN(RADIANS($C$20)))*$B$20*1000 -> 48.7462 | AH14: =(L14*SIN(RADIANS($C$20))+M14*COS(RADIANS($C$20)))*$B$20*1000 -> 5.3575973 | AJ14: =(L14*COS(RADIANS($C$21))-M14*SIN(RADIANS($C$21)))*$B$21*1000 -> 43.004248 | AK14: =(L14*SIN(RADIANS($C$21))+M14*COS(RADIANS($C$21)))*$B$21*1000 -> 3.6489095 | AM14: =(L14*COS(RADIANS($C$22))-M14*SIN(RADIANS($C$22)))*$B$22*1000 -> 38.400035 | AN14: =(L14*SIN(RADIANS($C$22))+M14*COS(RADIANS($C$22)))*$B$22*1000 -> 2.5122907 | AP14: =(L14*COS(RADIANS($C$23))-M14*SIN(RADIANS($C$23)))*$B$23*1000 -> 34.645878 | AQ14: =(L14*SIN(RADIANS($C$23))+M14*COS(RADIANS($C$23)))*$B$23*1000 -> 1.7301076 | AS14: =(L14*COS(RADIANS($C$24))-M14*SIN(RADIANS($C$24)))*$B$24*1000 -> 34.645878 | AT14: =(L14*SIN(RADIANS($C$24))+M14*COS(RADIANS($C$24)))*$B$24*1000 -> 1.7301076 | AV14: =(L14*COS(RADIANS($C$25))-M14*SIN(RADIANS($C$25)))*$B$25*1000 -> 0 | AW14: =(L14*SIN(RADIANS($C$25))+M14*COS(RADIANS($C$25)))*$B$25*1000 -> 0 | AY14: =(L14*COS(RADIANS($C$26))-M14*SIN(RADIANS($C$26)))*$B$26*1000 -> 0 | AZ14: =(L14*SIN(RADIANS($C$26))+M14*COS(RADIANS($C$26)))*$B$26*1000 -> 0 | BB14: =(L14*COS(RADIANS($C$27))-M14*SIN(RADIANS($C$27)))*$B$27*1000 -> 0 | BC14: =(L14*SIN(RADIANS($C$27))+M14*COS(RADIANS($C$27)))*$B$27*1000 -> 0 | BE14: =(L14*COS(RADIANS($C$28))-M14*SIN(RADIANS($C$28)))*$B$28*1000 -> 0 | BF14: =(L14*SIN(RADIANS($C$28))+M14*COS(RADIANS($C$28)))*$B$28*1000 -> 0 | BH14: =(L14*COS(RADIANS($C$29))-M14*SIN(RADIANS($C$29)))*$B$29*1000 -> 0 | BI14: =(L14*SIN(RADIANS($C$29))+M14*COS(RADIANS($C$29)))*$B$29*1000 -> 0 | BK14: =(L14*COS(RADIANS($C$30))-M14*SIN(RADIANS($C$30)))*$B$30*1000 -> 0 | BL14: =(L14*SIN(RADIANS($C$30))+M14*COS(RADIANS($C$30)))*$B$30*1000 -> 0 | BN14: =(L14*COS(RADIANS($C$31))-M14*SIN(RADIANS($C$31)))*$B$31*1000 -> 0 | BO14: =(L14*SIN(RADIANS($C$31))+M14*COS(RADIANS($C$31)))*$B$31*1000 -> 0 | BQ14: =(L14*COS(RADIANS($C$32))-M14*SIN(RADIANS($C$32)))*$B$32*1000 -> 0 | BR14: =(L14*SIN(RADIANS($C$32))+M14*COS(RADIANS($C$32)))*$B$32*1000 -> 0 | BT14: =(L14*COS(RADIANS($C$33))-M14*SIN(RADIANS($C$33)))*$B$33*1000 -> 0 | BU14: =(L14*SIN(RADIANS($C$33))+M14*COS(RADIANS($C$33)))*$B$33*1000 -> 0
A15: 0.0675 | B15: 0.21403845 | C15: 30.037624 | E15: 0.99081 | F15: 0.0954 | G15: =E15-(MIN($E$14:$E$46)+MAX($J$14:$J$48))/2 -> 0.4902 | H15: =F15-(INDEX($F$14:$F$48,MATCH(MIN($E$14:$E$48),$E$14:$E$48,0))+INDEX($F$14:$F$48,MATCH(MAX($E$14:$E$48),$E$14:$E$48,0)))/2 -> 0.07796 | J15: 0.95 | K15: 0.0112 | L15: =J15-(MIN($J$14:$J$48)+MAX($J$14:$J$48))/2 -> 0.45 | M15: =K15-(INDEX($K$14:$K$48,MATCH(MIN($J$14:$J$48),$J$14:$J$48,0))+INDEX($K$14:$K$48,MATCH(MAX($J$14:$J$48),$J$14:$J$48,0)))/2 -> 0.0104 | O15: =(G15*COS(RADIANS($C$14))-H15*SIN(RADIANS($C$14)))*$B$14*1000 -> 23.5296 | P15: =(G15*SIN(RADIANS($C$14))+H15*COS(RADIANS($C$14)))*$B$14*1000 -> 3.74208 | R15: =(L15*COS(RADIANS($C$15))-M15*SIN(RADIANS($C$15)))*$B$15*1000 -> 82.267323 | S15: =(L15*SIN(RADIANS($C$15))+M15*COS(RADIANS($C$15)))*$B$15*1000 -> 50.140457 | U15: =(L15*COS(RADIANS($C$16))-M15*SIN(RADIANS($C$16)))*$B$16*1000 -> 79.837521 | V15: =(L15*SIN(RADIANS($C$16))+M15*COS(RADIANS($C$16)))*$B$16*1000 -> 31.788143 | X15: =(L15*COS(RADIANS($C$17))-M15*SIN(RADIANS($C$17)))*$B$17*1000 -> 68.843647 | Y15: =(L15*SIN(RADIANS($C$17))+M15*COS(RADIANS($C$17)))*$B$17*1000 -> 19.498218 | AA15: =(L15*COS(RADIANS($C$18))-M15*SIN(RADIANS($C$18)))*$B$18*1000 -> 58.541436 | AB15: =(L15*SIN(RADIANS($C$18))+M15*COS(RADIANS($C$18)))*$B$18*1000 -> 12.449902 | AD15: =(L15*COS(RADIANS($C$19))-M15*SIN(RADIANS($C$19)))*$B$19*1000 -> 50.264588 | AE15: =(L15*SIN(RADIANS($C$19))+M15*COS(RADIANS($C$19)))*$B$19*1000 -> 8.3148215 | AG15: =(L15*COS(RADIANS($C$20))-M15*SIN(RADIANS($C$20)))*$B$20*1000 -> 43.769367 | AH15: =(L15*SIN(RADIANS($C$20))+M15*COS(RADIANS($C$20)))*$B$20*1000 -> 5.7657276 | AJ15: =(L15*COS(RADIANS($C$21))-M15*SIN(RADIANS($C$21)))*$B$21*1000 -> 38.634513 | AK15: =(L15*SIN(RADIANS($C$21))+M15*COS(RADIANS($C$21)))*$B$21*1000 -> 4.1166917 | AM15: =(L15*COS(RADIANS($C$22))-M15*SIN(RADIANS($C$22)))*$B$22*1000 -> 34.512583 | AN15: =(L15*SIN(RADIANS($C$22))+M15*COS(RADIANS($C$22)))*$B$22*1000 -> 3.0045622 | AP15: =(L15*COS(RADIANS($C$23))-M15*SIN(RADIANS($C$23)))*$B$23*1000 -> 31.148869 | AQ15: =(L15*SIN(RADIANS($C$23))+M15*COS(RADIANS($C$23)))*$B$23*1000 -> 2.2278929 | AS15: =(L15*COS(RADIANS($C$24))-M15*SIN(RADIANS($C$24)))*$B$24*1000 -> 31.148869 | AT15: =(L15*SIN(RADIANS($C$24))+M15*COS(RADIANS($C$24)))*$B$24*1000 -> 2.2278929 | AV15: =(L15*COS(RADIANS($C$25))-M15*SIN(RADIANS($C$25)))*$B$25*1000 -> 0 | AW15: =(L15*SIN(RADIANS($C$25))+M15*COS(RADIANS($C$25)))*$B$25*1000 -> 0 | AY15: =(L15*COS(RADIANS($C$26))-M15*SIN(RADIANS($C$26)))*$B$26*1000 -> 0 | AZ15: =(L15*SIN(RADIANS($C$26))+M15*COS(RADIANS($C$26)))*$B$26*1000 -> 0 | BB15: =(L15*COS(RADIANS($C$27))-M15*SIN(RADIANS($C$27)))*$B$27*1000 -> 0 | BC15: =(L15*SIN(RADIANS($C$27))+M15*COS(RADIANS($C$27)))*$B$27*1000 -> 0 | BE15: =(L15*COS(RADIANS($C$28))-M15*SIN(RADIANS($C$28)))*$B$28*1000 -> 0 | BF15: =(L15*SIN(RADIANS($C$28))+M15*COS(RADIANS($C$28)))*$B$28*1000 -> 0 | BH15: =(L15*COS(RADIANS($C$29))-M15*SIN(RADIANS($C$29)))*$B$29*1000 -> 0 | BI15: =(L15*SIN(RADIANS($C$29))+M15*COS(RADIANS($C$29)))*$B$29*1000 -> 0 | BK15: =(L15*COS(RADIANS($C$30))-M15*SIN(RADIANS($C$30)))*$B$30*1000 -> 0 | BL15: =(L15*SIN(RADIANS($C$30))+M15*COS(RADIANS($C$30)))*$B$30*1000 -> 0 | BN15: =(L15*COS(RADIANS($C$31))-M15*SIN(RADIANS($C$31)))*$B$31*1000 -> 0 | BO15: =(L15*SIN(RADIANS($C$31))+M15*COS(RADIANS($C$31)))*$B$31*1000 -> 0 | BQ15: =(L15*COS(RADIANS($C$32))-M15*SIN(RADIANS($C$32)))*$B$32*1000 -> 0 | BR15: =(L15*SIN(RADIANS($C$32))+M15*COS(RADIANS($C$32)))*$B$32*1000 -> 0 | BT15: =(L15*COS(RADIANS($C$33))-M15*SIN(RADIANS($C$33)))*$B$33*1000 -> 0 | BU15: =(L15*SIN(RADIANS($C$33))+M15*COS(RADIANS($C$33)))*$B$33*1000 -> 0
A16: 0.1125 | B16: 0.1909117 | C16: 20.386558 | E16: 0.96359 | F16: 0.1873 | G16: =E16-(MIN($E$14:$E$46)+MAX($J$14:$J$48))/2 -> 0.46298 | H16: =F16-(INDEX($F$14:$F$48,MATCH(MIN($E$14:$E$48),$E$14:$E$48,0))+INDEX($F$14:$F$48,MATCH(MAX($E$14:$E$48),$E$14:$E$48,0)))/2 -> 0.16986 | J16: 0.9 | K16: 0.0204 | L16: =J16-(MIN($J$14:$J$48)+MAX($J$14:$J$48))/2 -> 0.4 | M16: =K16-(INDEX($K$14:$K$48,MATCH(MIN($J$14:$J$48),$J$14:$J$48,0))+INDEX($K$14:$K$48,MATCH(MAX($J$14:$J$48),$J$14:$J$48,0)))/2 -> 0.0196 | O16: =(G16*COS(RADIANS($C$14))-H16*SIN(RADIANS($C$14)))*$B$14*1000 -> 22.22304 | P16: =(G16*SIN(RADIANS($C$14))+H16*COS(RADIANS($C$14)))*$B$14*1000 -> 8.15328 | R16: =(L16*COS(RADIANS($C$15))-M16*SIN(RADIANS($C$15)))*$B$15*1000 -> 72.017006 | S16: =(L16*SIN(RADIANS($C$15))+M16*COS(RADIANS($C$15)))*$B$15*1000 -> 46.488101 | U16: =(L16*COS(RADIANS($C$16))-M16*SIN(RADIANS($C$16)))*$B$16*1000 -> 70.277994 | V16: =(L16*SIN(RADIANS($C$16))+M16*COS(RADIANS($C$16)))*$B$16*1000 -> 30.109292 | X16: =(L16*COS(RADIANS($C$17))-M16*SIN(RADIANS($C$17)))*$B$17*1000 -> 60.782487 | Y16: =(L16*SIN(RADIANS($C$17))+M16*COS(RADIANS($C$17)))*$B$17*1000 -> 18.925522 | AA16: =(L16*COS(RADIANS($C$18))-M16*SIN(RADIANS($C$18)))*$B$18*1000 -> 51.781602 | AB16: =(L16*SIN(RADIANS($C$18))+M16*COS(RADIANS($C$18)))*$B$18*1000 -> 12.419654 | AD16: =(L16*COS(RADIANS($C$19))-M16*SIN(RADIANS($C$19)))*$B$19*1000 -> 44.515111 | AE16: =(L16*SIN(RADIANS($C$19))+M16*COS(RADIANS($C$19)))*$B$19*1000 -> 8.5514609 | AG16: =(L16*COS(RADIANS($C$20))-M16*SIN(RADIANS($C$20)))*$B$20*1000 -> 38.796758 | AH16: =(L16*SIN(RADIANS($C$20))+M16*COS(RADIANS($C$20)))*$B$20*1000 -> 6.1348541 | AJ16: =(L16*COS(RADIANS($C$21))-M16*SIN(RADIANS($C$21)))*$B$21*1000 -> 34.267641 | AK16: =(L16*SIN(RADIANS($C$21))+M16*COS(RADIANS($C$21)))*$B$21*1000 -> 4.5500659 | AM16: =(L16*COS(RADIANS($C$22))-M16*SIN(RADIANS($C$22)))*$B$22*1000 -> 30.627092 | AN16: =(L16*SIN(RADIANS($C$22))+M16*COS(RADIANS($C$22)))*$B$22*1000 -> 3.4661106 | AP16: =(L16*COS(RADIANS($C$23))-M16*SIN(RADIANS($C$23)))*$B$23*1000 -> 27.653199 | AQ16: =(L16*SIN(RADIANS($C$23))+M16*COS(RADIANS($C$23)))*$B$23*1000 -> 2.6979594 | AS16: =(L16*COS(RADIANS($C$24))-M16*SIN(RADIANS($C$24)))*$B$24*1000 -> 27.653199 | AT16: =(L16*SIN(RADIANS($C$24))+M16*COS(RADIANS($C$24)))*$B$24*1000 -> 2.6979594 | AV16: =(L16*COS(RADIANS($C$25))-M16*SIN(RADIANS($C$25)))*$B$25*1000 -> 0 | AW16: =(L16*SIN(RADIANS($C$25))+M16*COS(RADIANS($C$25)))*$B$25*1000 -> 0 | AY16: =(L16*COS(RADIANS($C$26))-M16*SIN(RADIANS($C$26)))*$B$26*1000 -> 0 | AZ16: =(L16*SIN(RADIANS($C$26))+M16*COS(RADIANS($C$26)))*$B$26*1000 -> 0 | BB16: =(L16*COS(RADIANS($C$27))-M16*SIN(RADIANS($C$27)))*$B$27*1000 -> 0 | BC16: =(L16*SIN(RADIANS($C$27))+M16*COS(RADIANS($C$27)))*$B$27*1000 -> 0 | BE16: =(L16*COS(RADIANS($C$28))-M16*SIN(RADIANS($C$28)))*$B$28*1000 -> 0 | BF16: =(L16*SIN(RADIANS($C$28))+M16*COS(RADIANS($C$28)))*$B$28*1000 -> 0 | BH16: =(L16*COS(RADIANS($C$29))-M16*SIN(RADIANS($C$29)))*$B$29*1000 -> 0 | BI16: =(L16*SIN(RADIANS($C$29))+M16*COS(RADIANS($C$29)))*$B$29*1000 -> 0 | BK16: =(L16*COS(RADIANS($C$30))-M16*SIN(RADIANS($C$30)))*$B$30*1000 -> 0 | BL16: =(L16*SIN(RADIANS($C$30))+M16*COS(RADIANS($C$30)))*$B$30*1000 -> 0 | BN16: =(L16*COS(RADIANS($C$31))-M16*SIN(RADIANS($C$31)))*$B$31*1000 -> 0 | BO16: =(L16*SIN(RADIANS($C$31))+M16*COS(RADIANS($C$31)))*$B$31*1000 -> 0 | BQ16: =(L16*COS(RADIANS($C$32))-M16*SIN(RADIANS($C$32)))*$B$32*1000 -> 0 | BR16: =(L16*SIN(RADIANS($C$32))+M16*COS(RADIANS($C$32)))*$B$32*1000 -> 0 | BT16: =(L16*COS(RADIANS($C$33))-M16*SIN(RADIANS($C$33)))*$B$33*1000 -> 0 | BU16: =(L16*SIN(RADIANS($C$33))+M16*COS(RADIANS($C$33)))*$B$33*1000 -> 0
A17: 0.1575 | B17: 0.15896106 | C17: 14.489496 | E17: 0.91934 | F17: 0.27232 | G17: =E17-(MIN($E$14:$E$46)+MAX($J$14:$J$48))/2 -> 0.41873 | H17: =F17-(INDEX($F$14:$F$48,MATCH(MIN($E$14:$E$48),$E$14:$E$48,0))+INDEX($F$14:$F$48,MATCH(MAX($E$14:$E$48),$E$14:$E$48,0)))/2 -> 0.25488 | J17: 0.8 | K17: 0.0373 | L17: =J17-(MIN($J$14:$J$48)+MAX($J$14:$J$48))/2 -> 0.3 | M17: =K17-(INDEX($K$14:$K$48,MATCH(MIN($J$14:$J$48),$J$14:$J$48,0))+INDEX($K$14:$K$48,MATCH(MAX($J$14:$J$48),$J$14:$J$48,0)))/2 -> 0.0365 | O17: =(G17*COS(RADIANS($C$14))-H17*SIN(RADIANS($C$14)))*$B$14*1000 -> 20.09904 | P17: =(G17*SIN(RADIANS($C$14))+H17*COS(RADIANS($C$14)))*$B$14*1000 -> 12.23424 | R17: =(L17*COS(RADIANS($C$15))-M17*SIN(RADIANS($C$15)))*$B$15*1000 -> 51.677082 | S17: =(L17*SIN(RADIANS($C$15))+M17*COS(RADIANS($C$15)))*$B$15*1000 -> 38.90545 | U17: =(L17*COS(RADIANS($C$16))-M17*SIN(RADIANS($C$16)))*$B$16*1000 -> 51.258698 | V17: =(L17*SIN(RADIANS($C$16))+M17*COS(RADIANS($C$16)))*$B$16*1000 -> 26.48316 | X17: =(L17*COS(RADIANS($C$17))-M17*SIN(RADIANS($C$17)))*$B$17*1000 -> 44.719826 | Y17: =(L17*SIN(RADIANS($C$17))+M17*COS(RADIANS($C$17)))*$B$17*1000 -> 17.549272 | AA17: =(L17*COS(RADIANS($C$18))-M17*SIN(RADIANS($C$18)))*$B$18*1000 -> 38.298903 | AB17: =(L17*SIN(RADIANS($C$18))+M17*COS(RADIANS($C$18)))*$B$18*1000 -> 12.163165 | AD17: =(L17*COS(RADIANS($C$19))-M17*SIN(RADIANS($C$19)))*$B$19*1000 -> 33.039988 | AE17: =(L17*SIN(RADIANS($C$19))+M17*COS(RADIANS($C$19)))*$B$19*1000 -> 8.8566401 | AG17: =(L17*COS(RADIANS($C$20))-M17*SIN(RADIANS($C$20)))*$B$20*1000 -> 28.867378 | AH17: =(L17*SIN(RADIANS($C$20))+M17*COS(RADIANS($C$20)))*$B$20*1000 -> 6.7268432 | AJ17: =(L17*COS(RADIANS($C$21))-M17*SIN(RADIANS($C$21)))*$B$21*1000 -> 25.544639 | AK17: =(L17*SIN(RADIANS($C$21))+M17*COS(RADIANS($C$21)))*$B$21*1000 -> 5.2877844 | AM17: =(L17*COS(RADIANS($C$22))-M17*SIN(RADIANS($C$22)))*$B$22*1000 -> 22.863462 | AN17: =(L17*SIN(RADIANS($C$22))+M17*COS(RADIANS($C$22)))*$B$22*1000 -> 4.2739954 | AP17: =(L17*COS(RADIANS($C$23))-M17*SIN(RADIANS($C$23)))*$B$23*1000 -> 20.666884 | AQ17: =(L17*SIN(RADIANS($C$23))+M17*COS(RADIANS($C$23)))*$B$23*1000 -> 3.5341466 | AS17: =(L17*COS(RADIANS($C$24))-M17*SIN(RADIANS($C$24)))*$B$24*1000 -> 20.666884 | AT17: =(L17*SIN(RADIANS($C$24))+M17*COS(RADIANS($C$24)))*$B$24*1000 -> 3.5341466 | AV17: =(L17*COS(RADIANS($C$25))-M17*SIN(RADIANS($C$25)))*$B$25*1000 -> 0 | AW17: =(L17*SIN(RADIANS($C$25))+M17*COS(RADIANS($C$25)))*$B$25*1000 -> 0 | AY17: =(L17*COS(RADIANS($C$26))-M17*SIN(RADIANS($C$26)))*$B$26*1000 -> 0 | AZ17: =(L17*SIN(RADIANS($C$26))+M17*COS(RADIANS($C$26)))*$B$26*1000 -> 0 | BB17: =(L17*COS(RADIANS($C$27))-M17*SIN(RADIANS($C$27)))*$B$27*1000 -> 0 | BC17: =(L17*SIN(RADIANS($C$27))+M17*COS(RADIANS($C$27)))*$B$27*1000 -> 0 | BE17: =(L17*COS(RADIANS($C$28))-M17*SIN(RADIANS($C$28)))*$B$28*1000 -> 0 | BF17: =(L17*SIN(RADIANS($C$28))+M17*COS(RADIANS($C$28)))*$B$28*1000 -> 0 | BH17: =(L17*COS(RADIANS($C$29))-M17*SIN(RADIANS($C$29)))*$B$29*1000 -> 0 | BI17: =(L17*SIN(RADIANS($C$29))+M17*COS(RADIANS($C$29)))*$B$29*1000 -> 0 | BK17: =(L17*COS(RADIANS($C$30))-M17*SIN(RADIANS($C$30)))*$B$30*1000 -> 0 | BL17: =(L17*SIN(RADIANS($C$30))+M17*COS(RADIANS($C$30)))*$B$30*1000 -> 0 | BN17: =(L17*COS(RADIANS($C$31))-M17*SIN(RADIANS($C$31)))*$B$31*1000 -> 0 | BO17: =(L17*SIN(RADIANS($C$31))+M17*COS(RADIANS($C$31)))*$B$31*1000 -> 0 | BQ17: =(L17*COS(RADIANS($C$32))-M17*SIN(RADIANS($C$32)))*$B$32*1000 -> 0 | BR17: =(L17*SIN(RADIANS($C$32))+M17*COS(RADIANS($C$32)))*$B$32*1000 -> 0 | BT17: =(L17*COS(RADIANS($C$33))-M17*SIN(RADIANS($C$33)))*$B$33*1000 -> 0 | BU17: =(L17*SIN(RADIANS($C$33))+M17*COS(RADIANS($C$33)))*$B$33*1000 -> 0
A18: 0.2025 | B18: 0.13296593 | C18: 10.682186 | E18: 0.85967 | F18: 0.34733 | G18: =E18-(MIN($E$14:$E$46)+MAX($J$14:$J$48))/2 -> 0.35906 | H18: =F18-(INDEX($F$14:$F$48,MATCH(MIN($E$14:$E$48),$E$14:$E$48,0))+INDEX($F$14:$F$48,MATCH(MAX($E$14:$E$48),$E$14:$E$48,0)))/2 -> 0.32989 | J18: 0.7 | K18: 0.0525 | L18: =J18-(MIN($J$14:$J$48)+MAX($J$14:$J$48))/2 -> 0.2 | M18: =K18-(INDEX($K$14:$K$48,MATCH(MIN($J$14:$J$48),$J$14:$J$48,0))+INDEX($K$14:$K$48,MATCH(MAX($J$14:$J$48),$J$14:$J$48,0)))/2 -> 0.0517 | O18: =(G18*COS(RADIANS($C$14))-H18*SIN(RADIANS($C$14)))*$B$14*1000 -> 17.23488 | P18: =(G18*SIN(RADIANS($C$14))+H18*COS(RADIANS($C$14)))*$B$14*1000 -> 15.83472 | R18: =(L18*COS(RADIANS($C$15))-M18*SIN(RADIANS($C$15)))*$B$15*1000 -> 31.519298 | S18: =(L18*SIN(RADIANS($C$15))+M18*COS(RADIANS($C$15)))*$B$15*1000 -> 31.007803 | U18: =(L18*COS(RADIANS($C$16))-M18*SIN(RADIANS($C$16)))*$B$16*1000 -> 32.352459 | V18: =(L18*SIN(RADIANS($C$16))+M18*COS(RADIANS($C$16)))*$B$16*1000 -> 22.552806 | X18: =(L18*COS(RADIANS($C$17))-M18*SIN(RADIANS($C$17)))*$B$17*1000 -> 28.724778 | Y18: =(L18*SIN(RADIANS($C$17))+M18*COS(RADIANS($C$17)))*$B$17*1000 -> 15.911383 | AA18: =(L18*COS(RADIANS($C$18))-M18*SIN(RADIANS($C$18)))*$B$18*1000 -> 24.858104 | AB18: =(L18*SIN(RADIANS($C$18))+M18*COS(RADIANS($C$18)))*$B$18*1000 -> 11.684552 | AD18: =(L18*COS(RADIANS($C$19))-M18*SIN(RADIANS($C$19)))*$B$19*1000 -> 21.591873 | AE18: =(L18*SIN(RADIANS($C$19))+M18*COS(RADIANS($C$19)))*$B$19*1000 -> 8.9713067 | AG18: =(L18*COS(RADIANS($C$20))-M18*SIN(RADIANS($C$20)))*$B$20*1000 -> 18.955949 | AH18: =(L18*SIN(RADIANS($C$20))+M18*COS(RADIANS($C$20)))*$B$20*1000 -> 7.1530665 | AJ18: =(L18*COS(RADIANS($C$21))-M18*SIN(RADIANS($C$21)))*$B$21*1000 -> 16.833809 | AK18: =(L18*SIN(RADIANS($C$21))+M18*COS(RADIANS($C$21)))*$B$21*1000 -> 5.8792689 | AM18: =(L18*COS(RADIANS($C$22))-M18*SIN(RADIANS($C$22)))*$B$22*1000 -> 15.108165 | AN18: =(L18*SIN(RADIANS($C$22))+M18*COS(RADIANS($C$22)))*$B$22*1000 -> 4.9513068 | AP18: =(L18*COS(RADIANS($C$23))-M18*SIN(RADIANS($C$23)))*$B$23*1000 -> 13.686262 | AQ18: =(L18*SIN(RADIANS($C$23))+M18*COS(RADIANS($C$23)))*$B$23*1000 -> 4.2525288 | AS18: =(L18*COS(RADIANS($C$24))-M18*SIN(RADIANS($C$24)))*$B$24*1000 -> 13.686262 | AT18: =(L18*SIN(RADIANS($C$24))+M18*COS(RADIANS($C$24)))*$B$24*1000 -> 4.2525288 | AV18: =(L18*COS(RADIANS($C$25))-M18*SIN(RADIANS($C$25)))*$B$25*1000 -> 0 | AW18: =(L18*SIN(RADIANS($C$25))+M18*COS(RADIANS($C$25)))*$B$25*1000 -> 0 | AY18: =(L18*COS(RADIANS($C$26))-M18*SIN(RADIANS($C$26)))*$B$26*1000 -> 0 | AZ18: =(L18*SIN(RADIANS($C$26))+M18*COS(RADIANS($C$26)))*$B$26*1000 -> 0 | BB18: =(L18*COS(RADIANS($C$27))-M18*SIN(RADIANS($C$27)))*$B$27*1000 -> 0 | BC18: =(L18*SIN(RADIANS($C$27))+M18*COS(RADIANS($C$27)))*$B$27*1000 -> 0 | BE18: =(L18*COS(RADIANS($C$28))-M18*SIN(RADIANS($C$28)))*$B$28*1000 -> 0 | BF18: =(L18*SIN(RADIANS($C$28))+M18*COS(RADIANS($C$28)))*$B$28*1000 -> 0 | BH18: =(L18*COS(RADIANS($C$29))-M18*SIN(RADIANS($C$29)))*$B$29*1000 -> 0 | BI18: =(L18*SIN(RADIANS($C$29))+M18*COS(RADIANS($C$29)))*$B$29*1000 -> 0 | BK18: =(L18*COS(RADIANS($C$30))-M18*SIN(RADIANS($C$30)))*$B$30*1000 -> 0 | BL18: =(L18*SIN(RADIANS($C$30))+M18*COS(RADIANS($C$30)))*$B$30*1000 -> 0 | BN18: =(L18*COS(RADIANS($C$31))-M18*SIN(RADIANS($C$31)))*$B$31*1000 -> 0 | BO18: =(L18*SIN(RADIANS($C$31))+M18*COS(RADIANS($C$31)))*$B$31*1000 -> 0 | BQ18: =(L18*COS(RADIANS($C$32))-M18*SIN(RADIANS($C$32)))*$B$32*1000 -> 0 | BR18: =(L18*SIN(RADIANS($C$32))+M18*COS(RADIANS($C$32)))*$B$32*1000 -> 0 | BT18: =(L18*COS(RADIANS($C$33))-M18*SIN(RADIANS($C$33)))*$B$33*1000 -> 0 | BU18: =(L18*SIN(RADIANS($C$33))+M18*COS(RADIANS($C$33)))*$B$33*1000 -> 0
A19: 0.2475 | B19: 0.11318682 | C19: 8.0689358 | E19: 0.78679 | F19: 0.40958 | G19: =E19-(MIN($E$14:$E$46)+MAX($J$14:$J$48))/2 -> 0.28618 | H19: =F19-(INDEX($F$14:$F$48,MATCH(MIN($E$14:$E$48),$E$14:$E$48,0))+INDEX($F$14:$F$48,MATCH(MAX($E$14:$E$48),$E$14:$E$48,0)))/2 -> 0.39214 | J19: 0.6 | K19: 0.0661 | L19: =J19-(MIN($J$14:$J$48)+MAX($J$14:$J$48))/2 -> 0.1 | M19: =K19-(INDEX($K$14:$K$48,MATCH(MIN($J$14:$J$48),$J$14:$J$48,0))+INDEX($K$14:$K$48,MATCH(MAX($J$14:$J$48),$J$14:$J$48,0)))/2 -> 0.0653 | O19: =(G19*COS(RADIANS($C$14))-H19*SIN(RADIANS($C$14)))*$B$14*1000 -> 13.73664 | P19: =(G19*SIN(RADIANS($C$14))+H19*COS(RADIANS($C$14)))*$B$14*1000 -> 18.82272 | R19: =(L19*COS(RADIANS($C$15))-M19*SIN(RADIANS($C$15)))*$B$15*1000 -> 11.53294 | S19: =(L19*SIN(RADIANS($C$15))+M19*COS(RADIANS($C$15)))*$B$15*1000 -> 22.813687 | U19: =(L19*COS(RADIANS($C$16))-M19*SIN(RADIANS($C$16)))*$B$16*1000 -> 13.552627 | V19: =(L19*SIN(RADIANS($C$16))+M19*COS(RADIANS($C$16)))*$B$16*1000 -> 18.336127 | X19: =(L19*COS(RADIANS($C$17))-M19*SIN(RADIANS($C$17)))*$B$17*1000 -> 12.793365 | Y19: =(L19*SIN(RADIANS($C$17))+M19*COS(RADIANS($C$17)))*$B$17*1000 -> 14.027247 | AA19: =(L19*COS(RADIANS($C$18))-M19*SIN(RADIANS($C$18)))*$B$18*1000 -> 11.456739 | AB19: =(L19*SIN(RADIANS($C$18))+M19*COS(RADIANS($C$18)))*$B$18*1000 -> 10.99688 | AD19: =(L19*COS(RADIANS($C$19))-M19*SIN(RADIANS($C$19)))*$B$19*1000 -> 10.169178 | AE19: =(L19*SIN(RADIANS($C$19))+M19*COS(RADIANS($C$19)))*$B$19*1000 -> 8.9066673 | AG19: =(L19*COS(RADIANS($C$20))-M19*SIN(RADIANS($C$20)))*$B$20*1000 -> 9.0614151 | AH19: =(L19*SIN(RADIANS($C$20))+M19*COS(RADIANS($C$20)))*$B$20*1000 -> 7.4232749 | AJ19: =(L19*COS(RADIANS($C$21))-M19*SIN(RADIANS($C$21)))*$B$21*1000 -> 8.134435 | AK19: =(L19*SIN(RADIANS($C$21))+M19*COS(RADIANS($C$21)))*$B$21*1000 -> 6.3331216 | AM19: =(L19*COS(RADIANS($C$22))-M19*SIN(RADIANS($C$22)))*$B$22*1000 -> 7.3607109 | AN19: =(L19*SIN(RADIANS($C$22))+M19*COS(RADIANS($C$22)))*$B$22*1000 -> 5.5057255 | AP19: =(L19*COS(RADIANS($C$23))-M19*SIN(RADIANS($C$23)))*$B$23*1000 -> 6.7109996 | AQ19: =(L19*SIN(RADIANS($C$23))+M19*COS(RADIANS($C$23)))*$B$23*1000 -> 4.8600356 | AS19: =(L19*COS(RADIANS($C$24))-M19*SIN(RADIANS($C$24)))*$B$24*1000 -> 6.7109996 | AT19: =(L19*SIN(RADIANS($C$24))+M19*COS(RADIANS($C$24)))*$B$24*1000 -> 4.8600356 | AV19: =(L19*COS(RADIANS($C$25))-M19*SIN(RADIANS($C$25)))*$B$25*1000 -> 0 | AW19: =(L19*SIN(RADIANS($C$25))+M19*COS(RADIANS($C$25)))*$B$25*1000 -> 0 | AY19: =(L19*COS(RADIANS($C$26))-M19*SIN(RADIANS($C$26)))*$B$26*1000 -> 0 | AZ19: =(L19*SIN(RADIANS($C$26))+M19*COS(RADIANS($C$26)))*$B$26*1000 -> 0 | BB19: =(L19*COS(RADIANS($C$27))-M19*SIN(RADIANS($C$27)))*$B$27*1000 -> 0 | BC19: =(L19*SIN(RADIANS($C$27))+M19*COS(RADIANS($C$27)))*$B$27*1000 -> 0 | BE19: =(L19*COS(RADIANS($C$28))-M19*SIN(RADIANS($C$28)))*$B$28*1000 -> 0 | BF19: =(L19*SIN(RADIANS($C$28))+M19*COS(RADIANS($C$28)))*$B$28*1000 -> 0 | BH19: =(L19*COS(RADIANS($C$29))-M19*SIN(RADIANS($C$29)))*$B$29*1000 -> 0 | BI19: =(L19*SIN(RADIANS($C$29))+M19*COS(RADIANS($C$29)))*$B$29*1000 -> 0 | BK19: =(L19*COS(RADIANS($C$30))-M19*SIN(RADIANS($C$30)))*$B$30*1000 -> 0 | BL19: =(L19*SIN(RADIANS($C$30))+M19*COS(RADIANS($C$30)))*$B$30*1000 -> 0 | BN19: =(L19*COS(RADIANS($C$31))-M19*SIN(RADIANS($C$31)))*$B$31*1000 -> 0 | BO19: =(L19*SIN(RADIANS($C$31))+M19*COS(RADIANS($C$31)))*$B$31*1000 -> 0 | BQ19: =(L19*COS(RADIANS($C$32))-M19*SIN(RADIANS($C$32)))*$B$32*1000 -> 0 | BR19: =(L19*SIN(RADIANS($C$32))+M19*COS(RADIANS($C$32)))*$B$32*1000 -> 0 | BT19: =(L19*COS(RADIANS($C$33))-M19*SIN(RADIANS($C$33)))*$B$33*1000 -> 0 | BU19: =(L19*SIN(RADIANS($C$33))+M19*COS(RADIANS($C$33)))*$B$33*1000 -> 0
A20: 0.2925 | B20: 0.09807935 | C20: 6.180417 | E20: 0.70337 | F20: 0.45677 | G20: =E20-(MIN($E$14:$E$46)+MAX($J$14:$J$48))/2 -> 0.20276 | H20: =F20-(INDEX($F$14:$F$48,MATCH(MIN($E$14:$E$48),$E$14:$E$48,0))+INDEX($F$14:$F$48,MATCH(MAX($E$14:$E$48),$E$14:$E$48,0)))/2 -> 0.43933 | J20: 0.5 | K20: 0.0774 | L20: =J20-(MIN($J$14:$J$48)+MAX($J$14:$J$48))/2 -> 0 | M20: =K20-(INDEX($K$14:$K$48,MATCH(MIN($J$14:$J$48),$J$14:$J$48,0))+INDEX($K$14:$K$48,MATCH(MAX($J$14:$J$48),$J$14:$J$48,0)))/2 -> 0.0766 | O20: =(G20*COS(RADIANS($C$14))-H20*SIN(RADIANS($C$14)))*$B$14*1000 -> 9.73248 | P20: =(G20*SIN(RADIANS($C$14))+H20*COS(RADIANS($C$14)))*$B$14*1000 -> 21.08784 | R20: =(L20*COS(RADIANS($C$15))-M20*SIN(RADIANS($C$15)))*$B$15*1000 -> -8.2069947 | S20: =(L20*SIN(RADIANS($C$15))+M20*COS(RADIANS($C$15)))*$B$15*1000 -> 14.193399 | U20: =(L20*COS(RADIANS($C$16))-M20*SIN(RADIANS($C$16)))*$B$16*1000 -> -5.0942446 | V20: =(L20*SIN(RADIANS($C$16))+M20*COS(RADIANS($C$16)))*$B$16*1000 -> 13.707854 | X20: =(L20*COS(RADIANS($C$17))-M20*SIN(RADIANS($C$17)))*$B$17*1000 -> -3.0465702 | Y20: =(L20*SIN(RADIANS($C$17))+M20*COS(RADIANS($C$17)))*$B$17*1000 -> 11.789128 | AA20: =(L20*COS(RADIANS($C$18))-M20*SIN(RADIANS($C$18)))*$B$18*1000 -> -1.8879381 | AB20: =(L20*SIN(RADIANS($C$18))+M20*COS(RADIANS($C$18)))*$B$18*1000 -> 10.008686 | AD20: =(L20*COS(RADIANS($C$19))-M20*SIN(RADIANS($C$19)))*$B$19*1000 -> -1.2169753 | AE20: =(L20*SIN(RADIANS($C$19))+M20*COS(RADIANS($C$19)))*$B$19*1000 -> 8.5842755 | AG20: =(L20*COS(RADIANS($C$20))-M20*SIN(RADIANS($C$20)))*$B$20*1000 -> -0.80883317 | AH20: =(L20*SIN(RADIANS($C$20))+M20*COS(RADIANS($C$20)))*$B$20*1000 -> 7.469212 | AJ20: =(L20*COS(RADIANS($C$21))-M20*SIN(RADIANS($C$21)))*$B$21*1000 -> -0.54847033 | AK20: =(L20*SIN(RADIANS($C$21))+M20*COS(RADIANS($C$21)))*$B$21*1000 -> 6.5891283 | AM20: =(L20*COS(RADIANS($C$22))-M20*SIN(RADIANS($C$22)))*$B$22*1000 -> -0.37546936 | AN20: =(L20*SIN(RADIANS($C$22))+M20*COS(RADIANS($C$22)))*$B$22*1000 -> 5.8834861 | AP20: =(L20*COS(RADIANS($C$23))-M20*SIN(RADIANS($C$23)))*$B$23*1000 -> -0.25655943 | AQ20: =(L20*SIN(RADIANS($C$23))+M20*COS(RADIANS($C$23)))*$B$23*1000 -> 5.308159 | AS20: =(L20*COS(RADIANS($C$24))-M20*SIN(RADIANS($C$24)))*$B$24*1000 -> -0.25655943 | AT20: =(L20*SIN(RADIANS($C$24))+M20*COS(RADIANS($C$24)))*$B$24*1000 -> 5.308159 | AV20: =(L20*COS(RADIANS($C$25))-M20*SIN(RADIANS($C$25)))*$B$25*1000 -> 0 | AW20: =(L20*SIN(RADIANS($C$25))+M20*COS(RADIANS($C$25)))*$B$25*1000 -> 0 | AY20: =(L20*COS(RADIANS($C$26))-M20*SIN(RADIANS($C$26)))*$B$26*1000 -> 0 | AZ20: =(L20*SIN(RADIANS($C$26))+M20*COS(RADIANS($C$26)))*$B$26*1000 -> 0 | BB20: =(L20*COS(RADIANS($C$27))-M20*SIN(RADIANS($C$27)))*$B$27*1000 -> 0 | BC20: =(L20*SIN(RADIANS($C$27))+M20*COS(RADIANS($C$27)))*$B$27*1000 -> 0 | BE20: =(L20*COS(RADIANS($C$28))-M20*SIN(RADIANS($C$28)))*$B$28*1000 -> 0 | BF20: =(L20*SIN(RADIANS($C$28))+M20*COS(RADIANS($C$28)))*$B$28*1000 -> 0 | BH20: =(L20*COS(RADIANS($C$29))-M20*SIN(RADIANS($C$29)))*$B$29*1000 -> 0 | BI20: =(L20*SIN(RADIANS($C$29))+M20*COS(RADIANS($C$29)))*$B$29*1000 -> 0 | BK20: =(L20*COS(RADIANS($C$30))-M20*SIN(RADIANS($C$30)))*$B$30*1000 -> 0 | BL20: =(L20*SIN(RADIANS($C$30))+M20*COS(RADIANS($C$30)))*$B$30*1000 -> 0 | BN20: =(L20*COS(RADIANS($C$31))-M20*SIN(RADIANS($C$31)))*$B$31*1000 -> 0 | BO20: =(L20*SIN(RADIANS($C$31))+M20*COS(RADIANS($C$31)))*$B$31*1000 -> 0 | BQ20: =(L20*COS(RADIANS($C$32))-M20*SIN(RADIANS($C$32)))*$B$32*1000 -> 0 | BR20: =(L20*SIN(RADIANS($C$32))+M20*COS(RADIANS($C$32)))*$B$32*1000 -> 0 | BT20: =(L20*COS(RADIANS($C$33))-M20*SIN(RADIANS($C$33)))*$B$33*1000 -> 0 | BU20: =(L20*SIN(RADIANS($C$33))+M20*COS(RADIANS($C$33)))*$B$33*1000 -> 0
A21: 0.3375 | B21: 0.08631744 | C21: 4.7582557 | E21: 0.61248 | F21: 0.48719 | G21: =E21-(MIN($E$14:$E$46)+MAX($J$14:$J$48))/2 -> 0.11187 | H21: =F21-(INDEX($F$14:$F$48,MATCH(MIN($E$14:$E$48),$E$14:$E$48,0))+INDEX($F$14:$F$48,MATCH(MAX($E$14:$E$48),$E$14:$E$48,0)))/2 -> 0.46975 | J21: 0.4 | K21: 0.0859 | L21: =J21-(MIN($J$14:$J$48)+MAX($J$14:$J$48))/2 -> -0.1 | M21: =K21-(INDEX($K$14:$K$48,MATCH(MIN($J$14:$J$48),$J$14:$J$48,0))+INDEX($K$14:$K$48,MATCH(MAX($J$14:$J$48),$J$14:$J$48,0)))/2 -> 0.0851 | O21: =(G21*COS(RADIANS($C$14))-H21*SIN(RADIANS($C$14)))*$B$14*1000 -> 5.36976 | P21: =(G21*SIN(RADIANS($C$14))+H21*COS(RADIANS($C$14)))*$B$14*1000 -> 22.548 | R21: =(L21*COS(RADIANS($C$15))-M21*SIN(RADIANS($C$15)))*$B$15*1000 -> -27.646935 | S21: =(L21*SIN(RADIANS($C$15))+M21*COS(RADIANS($C$15)))*$B$15*1000 -> 5.0542925 | U21: =(L21*COS(RADIANS($C$16))-M21*SIN(RADIANS($C$16)))*$B$16*1000 -> -23.554903 | V21: =(L21*SIN(RADIANS($C$16))+M21*COS(RADIANS($C$16)))*$B$16*1000 -> 8.5785105 | X21: =(L21*COS(RADIANS($C$17))-M21*SIN(RADIANS($C$17)))*$B$17*1000 -> -18.775143 | Y21: =(L21*SIN(RADIANS($C$17))+M21*COS(RADIANS($C$17)))*$B$17*1000 -> 9.1200757 | AA21: =(L21*COS(RADIANS($C$18))-M21*SIN(RADIANS($C$18)))*$B$18*1000 -> -15.163604 | AB21: =(L21*SIN(RADIANS($C$18))+M21*COS(RADIANS($C$18)))*$B$18*1000 -> 8.654639 | AD21: =(L21*COS(RADIANS($C$19))-M21*SIN(RADIANS($C$19)))*$B$19*1000 -> -12.558644 | AE21: =(L21*SIN(RADIANS($C$19))+M21*COS(RADIANS($C$19)))*$B$19*1000 -> 7.9480982 | AG21: =(L21*COS(RADIANS($C$20))-M21*SIN(RADIANS($C$20)))*$B$20*1000 -> -10.649516 | AH21: =(L21*SIN(RADIANS($C$20))+M21*COS(RADIANS($C$20)))*$B$20*1000 -> 7.242123 | AJ21: =(L21*COS(RADIANS($C$21))-M21*SIN(RADIANS($C$21)))*$B$21*1000 -> -9.2113271 | AK21: =(L21*SIN(RADIANS($C$21))+M21*COS(RADIANS($C$21)))*$B$21*1000 -> 6.6042792 | AM21: =(L21*COS(RADIANS($C$22))-M21*SIN(RADIANS($C$22)))*$B$22*1000 -> -8.0979249 | AN21: =(L21*SIN(RADIANS($C$22))+M21*COS(RADIANS($C$22)))*$B$22*1000 -> 6.0461844 | AP21: =(L21*COS(RADIANS($C$23))-M21*SIN(RADIANS($C$23)))*$B$23*1000 -> -7.2147403 | AQ21: =(L21*SIN(RADIANS($C$23))+M21*COS(RADIANS($C$23)))*$B$23*1000 -> 5.5622505 | AS21: =(L21*COS(RADIANS($C$24))-M21*SIN(RADIANS($C$24)))*$B$24*1000 -> -7.2147403 | AT21: =(L21*SIN(RADIANS($C$24))+M21*COS(RADIANS($C$24)))*$B$24*1000 -> 5.5622505 | AV21: =(L21*COS(RADIANS($C$25))-M21*SIN(RADIANS($C$25)))*$B$25*1000 -> 0 | AW21: =(L21*SIN(RADIANS($C$25))+M21*COS(RADIANS($C$25)))*$B$25*1000 -> 0 | AY21: =(L21*COS(RADIANS($C$26))-M21*SIN(RADIANS($C$26)))*$B$26*1000 -> 0 | AZ21: =(L21*SIN(RADIANS($C$26))+M21*COS(RADIANS($C$26)))*$B$26*1000 -> 0 | BB21: =(L21*COS(RADIANS($C$27))-M21*SIN(RADIANS($C$27)))*$B$27*1000 -> 0 | BC21: =(L21*SIN(RADIANS($C$27))+M21*COS(RADIANS($C$27)))*$B$27*1000 -> 0 | BE21: =(L21*COS(RADIANS($C$28))-M21*SIN(RADIANS($C$28)))*$B$28*1000 -> 0 | BF21: =(L21*SIN(RADIANS($C$28))+M21*COS(RADIANS($C$28)))*$B$28*1000 -> 0 | BH21: =(L21*COS(RADIANS($C$29))-M21*SIN(RADIANS($C$29)))*$B$29*1000 -> 0 | BI21: =(L21*SIN(RADIANS($C$29))+M21*COS(RADIANS($C$29)))*$B$29*1000 -> 0 | BK21: =(L21*COS(RADIANS($C$30))-M21*SIN(RADIANS($C$30)))*$B$30*1000 -> 0 | BL21: =(L21*SIN(RADIANS($C$30))+M21*COS(RADIANS($C$30)))*$B$30*1000 -> 0 | BN21: =(L21*COS(RADIANS($C$31))-M21*SIN(RADIANS($C$31)))*$B$31*1000 -> 0 | BO21: =(L21*SIN(RADIANS($C$31))+M21*COS(RADIANS($C$31)))*$B$31*1000 -> 0 | BQ21: =(L21*COS(RADIANS($C$32))-M21*SIN(RADIANS($C$32)))*$B$32*1000 -> 0 | BR21: =(L21*SIN(RADIANS($C$32))+M21*COS(RADIANS($C$32)))*$B$32*1000 -> 0 | BT21: =(L21*COS(RADIANS($C$33))-M21*SIN(RADIANS($C$33)))*$B$33*1000 -> 0 | BU21: =(L21*SIN(RADIANS($C$33))+M21*COS(RADIANS($C$33)))*$B$33*1000 -> 0
A22: 0.3825 | B22: 0.07696416 | C22: 3.6515215 | E22: 0.51745 | F22: 0.4997 | G22: =E22-(MIN($E$14:$E$46)+MAX($J$14:$J$48))/2 -> 0.01684 | H22: =F22-(INDEX($F$14:$F$48,MATCH(MIN($E$14:$E$48),$E$14:$E$48,0))+INDEX($F$14:$F$48,MATCH(MAX($E$14:$E$48),$E$14:$E$48,0)))/2 -> 0.48226 | J22: 0.3 | K22: 0.0905 | L22: =J22-(MIN($J$14:$J$48)+MAX($J$14:$J$48))/2 -> -0.2 | M22: =K22-(INDEX($K$14:$K$48,MATCH(MIN($J$14:$J$48),$J$14:$J$48,0))+INDEX($K$14:$K$48,MATCH(MAX($J$14:$J$48),$J$14:$J$48,0)))/2 -> 0.0897 | O22: =(G22*COS(RADIANS($C$14))-H22*SIN(RADIANS($C$14)))*$B$14*1000 -> 0.80832 | P22: =(G22*SIN(RADIANS($C$14))+H22*COS(RADIANS($C$14)))*$B$14*1000 -> 23.14848 | R22: =(L22*COS(RADIANS($C$15))-M22*SIN(RADIANS($C$15)))*$B$15*1000 -> -46.669025 | S22: =(L22*SIN(RADIANS($C$15))+M22*COS(RADIANS($C$15)))*$B$15*1000 -> -4.8074547 | U22: =(L22*COS(RADIANS($C$16))-M22*SIN(RADIANS($C$16)))*$B$16*1000 -> -41.756195 | V22: =(L22*SIN(RADIANS($C$16))+M22*COS(RADIANS($C$16)))*$B$16*1000 -> 2.7512476 | X22: =(L22*COS(RADIANS($C$17))-M22*SIN(RADIANS($C$17)))*$B$17*1000 -> -34.348603 | Y22: =(L22*SIN(RADIANS($C$17))+M22*COS(RADIANS($C$17)))*$B$17*1000 -> 5.8507933 | AA22: =(L22*COS(RADIANS($C$18))-M22*SIN(RADIANS($C$18)))*$B$18*1000 -> -28.343149 | AB22: =(L22*SIN(RADIANS($C$18))+M22*COS(RADIANS($C$18)))*$B$18*1000 -> 6.7910117 | AD22: =(L22*COS(RADIANS($C$19))-M22*SIN(RADIANS($C$19)))*$B$19*1000 -> -23.838352 | AE22: =(L22*SIN(RADIANS($C$19))+M22*COS(RADIANS($C$19)))*$B$19*1000 -> 6.8748624 | AG22: =(L22*COS(RADIANS($C$20))-M22*SIN(RADIANS($C$20)))*$B$20*1000 -> -20.449017 | AH22: =(L22*SIN(RADIANS($C$20))+M22*COS(RADIANS($C$20)))*$B$20*1000 -> 6.6347478 | AJ22: =(L22*COS(RADIANS($C$21))-M22*SIN(RADIANS($C$21)))*$B$21*1000 -> -17.846259 | AK22: =(L22*SIN(RADIANS($C$21))+M22*COS(RADIANS($C$21)))*$B$21*1000 -> 6.2839523 | AM22: =(L22*COS(RADIANS($C$22))-M22*SIN(RADIANS($C$22)))*$B$22*1000 -> -15.801264 | AN22: =(L22*SIN(RADIANS($C$22))+M22*COS(RADIANS($C$22)))*$B$22*1000 -> 5.909332 | AP22: =(L22*COS(RADIANS($C$23))-M22*SIN(RADIANS($C$23)))*$B$23*1000 -> -14.159859 | AQ22: =(L22*SIN(RADIANS($C$23))+M22*COS(RADIANS($C$23)))*$B$23*1000 -> 5.5460833 | AS22: =(L22*COS(RADIANS($C$24))-M22*SIN(RADIANS($C$24)))*$B$24*1000 -> -14.159859 | AT22: =(L22*SIN(RADIANS($C$24))+M22*COS(RADIANS($C$24)))*$B$24*1000 -> 5.5460833 | AV22: =(L22*COS(RADIANS($C$25))-M22*SIN(RADIANS($C$25)))*$B$25*1000 -> 0 | AW22: =(L22*SIN(RADIANS($C$25))+M22*COS(RADIANS($C$25)))*$B$25*1000 -> 0 | AY22: =(L22*COS(RADIANS($C$26))-M22*SIN(RADIANS($C$26)))*$B$26*1000 -> 0 | AZ22: =(L22*SIN(RADIANS($C$26))+M22*COS(RADIANS($C$26)))*$B$26*1000 -> 0 | BB22: =(L22*COS(RADIANS($C$27))-M22*SIN(RADIANS($C$27)))*$B$27*1000 -> 0 | BC22: =(L22*SIN(RADIANS($C$27))+M22*COS(RADIANS($C$27)))*$B$27*1000 -> 0 | BE22: =(L22*COS(RADIANS($C$28))-M22*SIN(RADIANS($C$28)))*$B$28*1000 -> 0 | BF22: =(L22*SIN(RADIANS($C$28))+M22*COS(RADIANS($C$28)))*$B$28*1000 -> 0 | BH22: =(L22*COS(RADIANS($C$29))-M22*SIN(RADIANS($C$29)))*$B$29*1000 -> 0 | BI22: =(L22*SIN(RADIANS($C$29))+M22*COS(RADIANS($C$29)))*$B$29*1000 -> 0 | BK22: =(L22*COS(RADIANS($C$30))-M22*SIN(RADIANS($C$30)))*$B$30*1000 -> 0 | BL22: =(L22*SIN(RADIANS($C$30))+M22*COS(RADIANS($C$30)))*$B$30*1000 -> 0 | BN22: =(L22*COS(RADIANS($C$31))-M22*SIN(RADIANS($C$31)))*$B$31*1000 -> 0 | BO22: =(L22*SIN(RADIANS($C$31))+M22*COS(RADIANS($C$31)))*$B$31*1000 -> 0 | BQ22: =(L22*COS(RADIANS($C$32))-M22*SIN(RADIANS($C$32)))*$B$32*1000 -> 0 | BR22: =(L22*SIN(RADIANS($C$32))+M22*COS(RADIANS($C$32)))*$B$32*1000 -> 0 | BT22: =(L22*COS(RADIANS($C$33))-M22*SIN(RADIANS($C$33)))*$B$33*1000 -> 0 | BU22: =(L22*SIN(RADIANS($C$33))+M22*COS(RADIANS($C$33)))*$B$33*1000 -> 0
A23: 0.4275 | B23: 0.06937801 | C23: 2.7671254 | E23: 0.42178 | F23: 0.49384 | G23: =E23-(MIN($E$14:$E$46)+MAX($J$14:$J$48))/2 -> -0.07883 | H23: =F23-(INDEX($F$14:$F$48,MATCH(MIN($E$14:$E$48),$E$14:$E$48,0))+INDEX($F$14:$F$48,MATCH(MAX($E$14:$E$48),$E$14:$E$48,0)))/2 -> 0.4764 | J23: 0.25 | K23: 0.0908 | L23: =J23-(MIN($J$14:$J$48)+MAX($J$14:$J$48))/2 -> -0.25 | M23: =K23-(INDEX($K$14:$K$48,MATCH(MIN($J$14:$J$48),$J$14:$J$48,0))+INDEX($K$14:$K$48,MATCH(MAX($J$14:$J$48),$J$14:$J$48,0)))/2 -> 0.09 | O23: =(G23*COS(RADIANS($C$14))-H23*SIN(RADIANS($C$14)))*$B$14*1000 -> -3.78384 | P23: =(G23*SIN(RADIANS($C$14))+H23*COS(RADIANS($C$14)))*$B$14*1000 -> 22.8672 | R23: =(L23*COS(RADIANS($C$15))-M23*SIN(RADIANS($C$15)))*$B$15*1000 -> -55.965788 | S23: =(L23*SIN(RADIANS($C$15))+M23*COS(RADIANS($C$15)))*$B$15*1000 -> -10.108913 | U23: =(L23*COS(RADIANS($C$16))-M23*SIN(RADIANS($C$16)))*$B$16*1000 -> -50.723831 | V23: =(L23*SIN(RADIANS($C$16))+M23*COS(RADIANS($C$16)))*$B$16*1000 -> -0.52029119 | X23: =(L23*COS(RADIANS($C$17))-M23*SIN(RADIANS($C$17)))*$B$17*1000 -> -42.055788 | Y23: =(L23*SIN(RADIANS($C$17))+M23*COS(RADIANS($C$17)))*$B$17*1000 -> 3.908342 | AA23: =(L23*COS(RADIANS($C$18))-M23*SIN(RADIANS($C$18)))*$B$18*1000 -> -34.883627 | AB23: =(L23*SIN(RADIANS($C$18))+M23*COS(RADIANS($C$18)))*$B$18*1000 -> 5.5978747 | AD23: =(L23*COS(RADIANS($C$19))-M23*SIN(RADIANS($C$19)))*$B$19*1000 -> -29.446431 | AE23: =(L23*SIN(RADIANS($C$19))+M23*COS(RADIANS($C$19)))*$B$19*1000 -> 6.114112 | AG23: =(L23*COS(RADIANS($C$20))-M23*SIN(RADIANS($C$20)))*$B$20*1000 -> -25.32765 | AH23: =(L23*SIN(RADIANS($C$20))+M23*COS(RADIANS($C$20)))*$B$20*1000 -> 6.1360416 | AJ23: =(L23*COS(RADIANS($C$21))-M23*SIN(RADIANS($C$21)))*$B$21*1000 -> -22.149405 | AK23: =(L23*SIN(RADIANS($C$21))+M23*COS(RADIANS($C$21)))*$B$21*1000 -> 5.9517489 | AM23: =(L23*COS(RADIANS($C$22))-M23*SIN(RADIANS($C$22)))*$B$22*1000 -> -19.64313 | AN23: =(L23*SIN(RADIANS($C$22))+M23*COS(RADIANS($C$22)))*$B$22*1000 -> 5.6872899 | AP23: =(L23*COS(RADIANS($C$23))-M23*SIN(RADIANS($C$23)))*$B$23*1000 -> -17.625719 | AQ23: =(L23*SIN(RADIANS($C$23))+M23*COS(RADIANS($C$23)))*$B$23*1000 -> 5.3994054 | AS23: =(L23*COS(RADIANS($C$24))-M23*SIN(RADIANS($C$24)))*$B$24*1000 -> -17.625719 | AT23: =(L23*SIN(RADIANS($C$24))+M23*COS(RADIANS($C$24)))*$B$24*1000 -> 5.3994054 | AV23: =(L23*COS(RADIANS($C$25))-M23*SIN(RADIANS($C$25)))*$B$25*1000 -> 0 | AW23: =(L23*SIN(RADIANS($C$25))+M23*COS(RADIANS($C$25)))*$B$25*1000 -> 0 | AY23: =(L23*COS(RADIANS($C$26))-M23*SIN(RADIANS($C$26)))*$B$26*1000 -> 0 | AZ23: =(L23*SIN(RADIANS($C$26))+M23*COS(RADIANS($C$26)))*$B$26*1000 -> 0 | BB23: =(L23*COS(RADIANS($C$27))-M23*SIN(RADIANS($C$27)))*$B$27*1000 -> 0 | BC23: =(L23*SIN(RADIANS($C$27))+M23*COS(RADIANS($C$27)))*$B$27*1000 -> 0 | BE23: =(L23*COS(RADIANS($C$28))-M23*SIN(RADIANS($C$28)))*$B$28*1000 -> 0 | BF23: =(L23*SIN(RADIANS($C$28))+M23*COS(RADIANS($C$28)))*$B$28*1000 -> 0 | BH23: =(L23*COS(RADIANS($C$29))-M23*SIN(RADIANS($C$29)))*$B$29*1000 -> 0 | BI23: =(L23*SIN(RADIANS($C$29))+M23*COS(RADIANS($C$29)))*$B$29*1000 -> 0 | BK23: =(L23*COS(RADIANS($C$30))-M23*SIN(RADIANS($C$30)))*$B$30*1000 -> 0 | BL23: =(L23*SIN(RADIANS($C$30))+M23*COS(RADIANS($C$30)))*$B$30*1000 -> 0 | BN23: =(L23*COS(RADIANS($C$31))-M23*SIN(RADIANS($C$31)))*$B$31*1000 -> 0 | BO23: =(L23*SIN(RADIANS($C$31))+M23*COS(RADIANS($C$31)))*$B$31*1000 -> 0 | BQ23: =(L23*COS(RADIANS($C$32))-M23*SIN(RADIANS($C$32)))*$B$32*1000 -> 0 | BR23: =(L23*SIN(RADIANS($C$32))+M23*COS(RADIANS($C$32)))*$B$32*1000 -> 0 | BT23: =(L23*COS(RADIANS($C$33))-M23*SIN(RADIANS($C$33)))*$B$33*1000 -> 0 | BU23: =(L23*SIN(RADIANS($C$33))+M23*COS(RADIANS($C$33)))*$B$33*1000 -> 0
A24: 0.45 | B24: 0.06937801 | C24: 2.7671254 | E24: 0.32899 | F24: 0.46985 | G24: =E24-(MIN($E$14:$E$46)+MAX($J$14:$J$48))/2 -> -0.17162 | H24: =F24-(INDEX($F$14:$F$48,MATCH(MIN($E$14:$E$48),$E$14:$E$48,0))+INDEX($F$14:$F$48,MATCH(MAX($E$14:$E$48),$E$14:$E$48,0)))/2 -> 0.45241 | J24: 0.2 | K24: 0.0892 | L24: =J24-(MIN($J$14:$J$48)+MAX($J$14:$J$48))/2 -> -0.3 | M24: =K24-(INDEX($K$14:$K$48,MATCH(MIN($J$14:$J$48),$J$14:$J$48,0))+INDEX($K$14:$K$48,MATCH(MAX($J$14:$J$48),$J$14:$J$48,0)))/2 -> 0.0884 | O24: =(G24*COS(RADIANS($C$14))-H24*SIN(RADIANS($C$14)))*$B$14*1000 -> -8.23776 | P24: =(G24*SIN(RADIANS($C$14))+H24*COS(RADIANS($C$14)))*$B$14*1000 -> 21.71568 | R24: =(L24*COS(RADIANS($C$15))-M24*SIN(RADIANS($C$15)))*$B$15*1000 -> -65.058983 | S24: =(L24*SIN(RADIANS($C$15))+M24*COS(RADIANS($C$15)))*$B$15*1000 -> -15.762427 | U24: =(L24*COS(RADIANS($C$16))-M24*SIN(RADIANS($C$16)))*$B$16*1000 -> -59.565109 | V24: =(L24*SIN(RADIANS($C$16))+M24*COS(RADIANS($C$16)))*$B$16*1000 -> -4.1318421 | X24: =(L24*COS(RADIANS($C$17))-M24*SIN(RADIANS($C$17)))*$B$17*1000 -> -49.687406 | Y24: =(L24*SIN(RADIANS($C$17))+M24*COS(RADIANS($C$17)))*$B$17*1000 -> 1.673471 | AA24: =(L24*COS(RADIANS($C$18))-M24*SIN(RADIANS($C$18)))*$B$18*1000 -> -41.377277 | AB24: =(L24*SIN(RADIANS($C$18))+M24*COS(RADIANS($C$18)))*$B$18*1000 -> 4.1564804 | AD24: =(L24*COS(RADIANS($C$19))-M24*SIN(RADIANS($C$19)))*$B$19*1000 -> -35.024325 | AE24: =(L24*SIN(RADIANS($C$19))+M24*COS(RADIANS($C$19)))*$B$19*1000 -> 5.1404357 | AG24: =(L24*COS(RADIANS($C$20))-M24*SIN(RADIANS($C$20)))*$B$20*1000 -> -30.18622 | AH24: =(L24*SIN(RADIANS($C$20))+M24*COS(RADIANS($C$20)))*$B$20*1000 -> 5.4520678 | AJ24: =(L24*COS(RADIANS($C$21))-M24*SIN(RADIANS($C$21)))*$B$21*1000 -> -26.438946 | AK24: =(L24*SIN(RADIANS($C$21))+M24*COS(RADIANS($C$21)))*$B$21*1000 -> 5.4561077 | AM24: =(L24*COS(RADIANS($C$22))-M24*SIN(RADIANS($C$22)))*$B$22*1000 -> -23.475683 | AN24: =(L24*SIN(RADIANS($C$22))+M24*COS(RADIANS($C$22)))*$B$22*1000 -> 5.3193128 | AP24: =(L24*COS(RADIANS($C$23))-M24*SIN(RADIANS($C$23)))*$B$23*1000 -> -21.085216 | AQ24: =(L24*SIN(RADIANS($C$23))+M24*COS(RADIANS($C$23)))*$B$23*1000 -> 5.1210631 | AS24: =(L24*COS(RADIANS($C$24))-M24*SIN(RADIANS($C$24)))*$B$24*1000 -> -21.085216 | AT24: =(L24*SIN(RADIANS($C$24))+M24*COS(RADIANS($C$24)))*$B$24*1000 -> 5.1210631 | AV24: =(L24*COS(RADIANS($C$25))-M24*SIN(RADIANS($C$25)))*$B$25*1000 -> 0 | AW24: =(L24*SIN(RADIANS($C$25))+M24*COS(RADIANS($C$25)))*$B$25*1000 -> 0 | AY24: =(L24*COS(RADIANS($C$26))-M24*SIN(RADIANS($C$26)))*$B$26*1000 -> 0 | AZ24: =(L24*SIN(RADIANS($C$26))+M24*COS(RADIANS($C$26)))*$B$26*1000 -> 0 | BB24: =(L24*COS(RADIANS($C$27))-M24*SIN(RADIANS($C$27)))*$B$27*1000 -> 0 | BC24: =(L24*SIN(RADIANS($C$27))+M24*COS(RADIANS($C$27)))*$B$27*1000 -> 0 | BE24: =(L24*COS(RADIANS($C$28))-M24*SIN(RADIANS($C$28)))*$B$28*1000 -> 0 | BF24: =(L24*SIN(RADIANS($C$28))+M24*COS(RADIANS($C$28)))*$B$28*1000 -> 0 | BH24: =(L24*COS(RADIANS($C$29))-M24*SIN(RADIANS($C$29)))*$B$29*1000 -> 0 | BI24: =(L24*SIN(RADIANS($C$29))+M24*COS(RADIANS($C$29)))*$B$29*1000 -> 0 | BK24: =(L24*COS(RADIANS($C$30))-M24*SIN(RADIANS($C$30)))*$B$30*1000 -> 0 | BL24: =(L24*SIN(RADIANS($C$30))+M24*COS(RADIANS($C$30)))*$B$30*1000 -> 0 | BN24: =(L24*COS(RADIANS($C$31))-M24*SIN(RADIANS($C$31)))*$B$31*1000 -> 0 | BO24: =(L24*SIN(RADIANS($C$31))+M24*COS(RADIANS($C$31)))*$B$31*1000 -> 0 | BQ24: =(L24*COS(RADIANS($C$32))-M24*SIN(RADIANS($C$32)))*$B$32*1000 -> 0 | BR24: =(L24*SIN(RADIANS($C$32))+M24*COS(RADIANS($C$32)))*$B$32*1000 -> 0 | BT24: =(L24*COS(RADIANS($C$33))-M24*SIN(RADIANS($C$33)))*$B$33*1000 -> 0 | BU24: =(L24*SIN(RADIANS($C$33))+M24*COS(RADIANS($C$33)))*$B$33*1000 -> 0
E25: 0.24248 | F25: 0.42858 | G25: =E25-(MIN($E$14:$E$46)+MAX($J$14:$J$48))/2 -> -0.25813 | H25: =F25-(INDEX($F$14:$F$48,MATCH(MIN($E$14:$E$48),$E$14:$E$48,0))+INDEX($F$14:$F$48,MATCH(MAX($E$14:$E$48),$E$14:$E$48,0)))/2 -> 0.41114 | J25: 0.15 | K25: 0.0852 | L25: =J25-(MIN($J$14:$J$48)+MAX($J$14:$J$48))/2 -> -0.35 | M25: =K25-(INDEX($K$14:$K$48,MATCH(MIN($J$14:$J$48),$J$14:$J$48,0))+INDEX($K$14:$K$48,MATCH(MAX($J$14:$J$48),$J$14:$J$48,0)))/2 -> 0.0844 | O25: =(G25*COS(RADIANS($C$14))-H25*SIN(RADIANS($C$14)))*$B$14*1000 -> -12.39024 | P25: =(G25*SIN(RADIANS($C$14))+H25*COS(RADIANS($C$14)))*$B$14*1000 -> 19.73472 | R25: =(L25*COS(RADIANS($C$15))-M25*SIN(RADIANS($C$15)))*$B$15*1000 -> -73.895041 | S25: =(L25*SIN(RADIANS($C$15))+M25*COS(RADIANS($C$15)))*$B$15*1000 -> -21.860643 | U25: =(L25*COS(RADIANS($C$16))-M25*SIN(RADIANS($C$16)))*$B$16*1000 -> -68.246777 | V25: =(L25*SIN(RADIANS($C$16))+M25*COS(RADIANS($C$16)))*$B$16*1000 -> -8.1728818 | X25: =(L25*COS(RADIANS($C$17))-M25*SIN(RADIANS($C$17)))*$B$17*1000 -> -57.22357 | Y25: =(L25*SIN(RADIANS($C$17))+M25*COS(RADIANS($C$17)))*$B$17*1000 -> -0.93077213 | AA25: =(L25*COS(RADIANS($C$18))-M25*SIN(RADIANS($C$18)))*$B$18*1000 -> -47.811775 | AB25: =(L25*SIN(RADIANS($C$18))+M25*COS(RADIANS($C$18)))*$B$18*1000 -> 2.4014981 | AD25: =(L25*COS(RADIANS($C$19))-M25*SIN(RADIANS($C$19)))*$B$19*1000 -> -40.564088 | AE25: =(L25*SIN(RADIANS($C$19))+M25*COS(RADIANS($C$19)))*$B$19*1000 -> 3.8978004 | AG25: =(L25*COS(RADIANS($C$20))-M25*SIN(RADIANS($C$20)))*$B$20*1000 -> -35.019448 | AH25: =(L25*SIN(RADIANS($C$20))+M25*COS(RADIANS($C$20)))*$B$20*1000 -> 4.5340716 | AJ25: =(L25*COS(RADIANS($C$21))-M25*SIN(RADIANS($C$21)))*$B$21*1000 -> -30.711303 | AK25: =(L25*SIN(RADIANS($C$21))+M25*COS(RADIANS($C$21)))*$B$21*1000 -> 4.7540185 | AM25: =(L25*COS(RADIANS($C$22))-M25*SIN(RADIANS($C$22)))*$B$22*1000 -> -27.296472 | AN25: =(L25*SIN(RADIANS($C$22))+M25*COS(RADIANS($C$22)))*$B$22*1000 -> 4.7669967 | AP25: =(L25*COS(RADIANS($C$23))-M25*SIN(RADIANS($C$23)))*$B$23*1000 -> -24.536675 | AQ25: =(L25*SIN(RADIANS($C$23))+M25*COS(RADIANS($C$23)))*$B$23*1000 -> 4.6764076 | AS25: =(L25*COS(RADIANS($C$24))-M25*SIN(RADIANS($C$24)))*$B$24*1000 -> -24.536675 | AT25: =(L25*SIN(RADIANS($C$24))+M25*COS(RADIANS($C$24)))*$B$24*1000 -> 4.6764076 | AV25: =(L25*COS(RADIANS($C$25))-M25*SIN(RADIANS($C$25)))*$B$25*1000 -> 0 | AW25: =(L25*SIN(RADIANS($C$25))+M25*COS(RADIANS($C$25)))*$B$25*1000 -> 0 | AY25: =(L25*COS(RADIANS($C$26))-M25*SIN(RADIANS($C$26)))*$B$26*1000 -> 0 | AZ25: =(L25*SIN(RADIANS($C$26))+M25*COS(RADIANS($C$26)))*$B$26*1000 -> 0 | BB25: =(L25*COS(RADIANS($C$27))-M25*SIN(RADIANS($C$27)))*$B$27*1000 -> 0 | BC25: =(L25*SIN(RADIANS($C$27))+M25*COS(RADIANS($C$27)))*$B$27*1000 -> 0 | BE25: =(L25*COS(RADIANS($C$28))-M25*SIN(RADIANS($C$28)))*$B$28*1000 -> 0 | BF25: =(L25*SIN(RADIANS($C$28))+M25*COS(RADIANS($C$28)))*$B$28*1000 -> 0 | BH25: =(L25*COS(RADIANS($C$29))-M25*SIN(RADIANS($C$29)))*$B$29*1000 -> 0 | BI25: =(L25*SIN(RADIANS($C$29))+M25*COS(RADIANS($C$29)))*$B$29*1000 -> 0 | BK25: =(L25*COS(RADIANS($C$30))-M25*SIN(RADIANS($C$30)))*$B$30*1000 -> 0 | BL25: =(L25*SIN(RADIANS($C$30))+M25*COS(RADIANS($C$30)))*$B$30*1000 -> 0 | BN25: =(L25*COS(RADIANS($C$31))-M25*SIN(RADIANS($C$31)))*$B$31*1000 -> 0 | BO25: =(L25*SIN(RADIANS($C$31))+M25*COS(RADIANS($C$31)))*$B$31*1000 -> 0 | BQ25: =(L25*COS(RADIANS($C$32))-M25*SIN(RADIANS($C$32)))*$B$32*1000 -> 0 | BR25: =(L25*SIN(RADIANS($C$32))+M25*COS(RADIANS($C$32)))*$B$32*1000 -> 0 | BT25: =(L25*COS(RADIANS($C$33))-M25*SIN(RADIANS($C$33)))*$B$33*1000 -> 0 | BU25: =(L25*SIN(RADIANS($C$33))+M25*COS(RADIANS($C$33)))*$B$33*1000 -> 0
E26: 0.16543 | F26: 0.37157 | G26: =E26-(MIN($E$14:$E$46)+MAX($J$14:$J$48))/2 -> -0.33518 | H26: =F26-(INDEX($F$14:$F$48,MATCH(MIN($E$14:$E$48),$E$14:$E$48,0))+INDEX($F$14:$F$48,MATCH(MAX($E$14:$E$48),$E$14:$E$48,0)))/2 -> 0.35413 | J26: 0.1 | K26: 0.0764 | L26: =J26-(MIN($J$14:$J$48)+MAX($J$14:$J$48))/2 -> -0.4 | M26: =K26-(INDEX($K$14:$K$48,MATCH(MIN($J$14:$J$48),$J$14:$J$48,0))+INDEX($K$14:$K$48,MATCH(MAX($J$14:$J$48),$J$14:$J$48,0)))/2 -> 0.0756 | O26: =(G26*COS(RADIANS($C$14))-H26*SIN(RADIANS($C$14)))*$B$14*1000 -> -16.08864 | P26: =(G26*SIN(RADIANS($C$14))+H26*COS(RADIANS($C$14)))*$B$14*1000 -> 16.99824 | R26: =(L26*COS(RADIANS($C$15))-M26*SIN(RADIANS($C$15)))*$B$15*1000 -> -82.216821 | S26: =(L26*SIN(RADIANS($C$15))+M26*COS(RADIANS($C$15)))*$B$15*1000 -> -28.848263 | U26: =(L26*COS(RADIANS($C$16))-M26*SIN(RADIANS($C$16)))*$B$16*1000 -> -76.609222 | V26: =(L26*SIN(RADIANS($C$16))+M26*COS(RADIANS($C$16)))*$B$16*1000 -> -13.072899 | X26: =(L26*COS(RADIANS($C$17))-M26*SIN(RADIANS($C$17)))*$B$17*1000 -> -64.568825 | Y26: =(L26*SIN(RADIANS($C$17))+M26*COS(RADIANS($C$17)))*$B$17*1000 -> -4.2737596 | AA26: =(L26*COS(RADIANS($C$18))-M26*SIN(RADIANS($C$18)))*$B$18*1000 -> -54.127969 | AB26: =(L26*SIN(RADIANS($C$18))+M26*COS(RADIANS($C$18)))*$B$18*1000 -> 0.019339643 | AD26: =(L26*COS(RADIANS($C$19))-M26*SIN(RADIANS($C$19)))*$B$19*1000 -> -46.027592 | AE26: =(L26*SIN(RADIANS($C$19))+M26*COS(RADIANS($C$19)))*$B$19*1000 -> 2.1172471 | AG26: =(L26*COS(RADIANS($C$20))-M26*SIN(RADIANS($C$20)))*$B$20*1000 -> -39.801992 | AH26: =(L26*SIN(RADIANS($C$20))+M26*COS(RADIANS($C$20)))*$B$20*1000 -> 3.1480308 | AJ26: =(L26*COS(RADIANS($C$21))-M26*SIN(RADIANS($C$21)))*$B$21*1000 -> -34.949291 | AK26: =(L26*SIN(RADIANS($C$21))+M26*COS(RADIANS($C$21)))*$B$21*1000 -> 3.6390336 | AM26: =(L26*COS(RADIANS($C$22))-M26*SIN(RADIANS($C$22)))*$B$22*1000 -> -31.093733 | AN26: =(L26*SIN(RADIANS($C$22))+M26*COS(RADIANS($C$22)))*$B$22*1000 -> 3.8460027 | AP26: =(L26*COS(RADIANS($C$23))-M26*SIN(RADIANS($C$23)))*$B$23*1000 -> -27.972056 | AQ26: =(L26*SIN(RADIANS($C$23))+M26*COS(RADIANS($C$23)))*$B$23*1000 -> 3.899126 | AS26: =(L26*COS(RADIANS($C$24))-M26*SIN(RADIANS($C$24)))*$B$24*1000 -> -27.972056 | AT26: =(L26*SIN(RADIANS($C$24))+M26*COS(RADIANS($C$24)))*$B$24*1000 -> 3.899126 | AV26: =(L26*COS(RADIANS($C$25))-M26*SIN(RADIANS($C$25)))*$B$25*1000 -> 0 | AW26: =(L26*SIN(RADIANS($C$25))+M26*COS(RADIANS($C$25)))*$B$25*1000 -> 0 | AY26: =(L26*COS(RADIANS($C$26))-M26*SIN(RADIANS($C$26)))*$B$26*1000 -> 0 | AZ26: =(L26*SIN(RADIANS($C$26))+M26*COS(RADIANS($C$26)))*$B$26*1000 -> 0 | BB26: =(L26*COS(RADIANS($C$27))-M26*SIN(RADIANS($C$27)))*$B$27*1000 -> 0 | BC26: =(L26*SIN(RADIANS($C$27))+M26*COS(RADIANS($C$27)))*$B$27*1000 -> 0 | BE26: =(L26*COS(RADIANS($C$28))-M26*SIN(RADIANS($C$28)))*$B$28*1000 -> 0 | BF26: =(L26*SIN(RADIANS($C$28))+M26*COS(RADIANS($C$28)))*$B$28*1000 -> 0 | BH26: =(L26*COS(RADIANS($C$29))-M26*SIN(RADIANS($C$29)))*$B$29*1000 -> 0 | BI26: =(L26*SIN(RADIANS($C$29))+M26*COS(RADIANS($C$29)))*$B$29*1000 -> 0 | BK26: =(L26*COS(RADIANS($C$30))-M26*SIN(RADIANS($C$30)))*$B$30*1000 -> 0 | BL26: =(L26*SIN(RADIANS($C$30))+M26*COS(RADIANS($C$30)))*$B$30*1000 -> 0 | BN26: =(L26*COS(RADIANS($C$31))-M26*SIN(RADIANS($C$31)))*$B$31*1000 -> 0 | BO26: =(L26*SIN(RADIANS($C$31))+M26*COS(RADIANS($C$31)))*$B$31*1000 -> 0 | BQ26: =(L26*COS(RADIANS($C$32))-M26*SIN(RADIANS($C$32)))*$B$32*1000 -> 0 | BR26: =(L26*SIN(RADIANS($C$32))+M26*COS(RADIANS($C$32)))*$B$32*1000 -> 0 | BT26: =(L26*COS(RADIANS($C$33))-M26*SIN(RADIANS($C$33)))*$B$33*1000 -> 0 | BU26: =(L26*SIN(RADIANS($C$33))+M26*COS(RADIANS($C$33)))*$B$33*1000 -> 0
E27: 0.10068 | F27: 0.30091 | G27: =E27-(MIN($E$14:$E$46)+MAX($J$14:$J$48))/2 -> -0.39993 | H27: =F27-(INDEX($F$14:$F$48,MATCH(MIN($E$14:$E$48),$E$14:$E$48,0))+INDEX($F$14:$F$48,MATCH(MAX($E$14:$E$48),$E$14:$E$48,0)))/2 -> 0.28347 | J27: 0.075 | K27: 0.069 | L27: =J27-(MIN($J$14:$J$48)+MAX($J$14:$J$48))/2 -> -0.425 | M27: =K27-(INDEX($K$14:$K$48,MATCH(MIN($J$14:$J$48),$J$14:$J$48,0))+INDEX($K$14:$K$48,MATCH(MAX($J$14:$J$48),$J$14:$J$48,0)))/2 -> 0.0682 | O27: =(G27*COS(RADIANS($C$14))-H27*SIN(RADIANS($C$14)))*$B$14*1000 -> -19.19664 | P27: =(G27*SIN(RADIANS($C$14))+H27*COS(RADIANS($C$14)))*$B$14*1000 -> 13.60656 | R27: =(L27*COS(RADIANS($C$15))-M27*SIN(RADIANS($C$15)))*$B$15*1000 -> -86.056289 | S27: =(L27*SIN(RADIANS($C$15))+M27*COS(RADIANS($C$15)))*$B$15*1000 -> -32.89795 | U27: =(L27*COS(RADIANS($C$16))-M27*SIN(RADIANS($C$16)))*$B$16*1000 -> -80.590932 | V27: =(L27*SIN(RADIANS($C$16))+M27*COS(RADIANS($C$16)))*$B$16*1000 -> -16.059769 | X27: =(L27*COS(RADIANS($C$17))-M27*SIN(RADIANS($C$17)))*$B$17*1000 -> -68.122136 | Y27: =(L27*SIN(RADIANS($C$17))+M27*COS(RADIANS($C$17)))*$B$17*1000 -> -6.4069685 | AA27: =(L27*COS(RADIANS($C$18))-M27*SIN(RADIANS($C$18)))*$B$18*1000 -> -57.212125 | AB27: =(L27*SIN(RADIANS($C$18))+M27*COS(RADIANS($C$18)))*$B$18*1000 -> -1.5637247 | AD27: =(L27*COS(RADIANS($C$19))-M27*SIN(RADIANS($C$19)))*$B$19*1000 -> -48.711681 | AE27: =(L27*SIN(RADIANS($C$19))+M27*COS(RADIANS($C$19)))*$B$19*1000 -> 0.89077161 | AG27: =(L27*COS(RADIANS($C$20))-M27*SIN(RADIANS($C$20)))*$B$20*1000 -> -42.161586 | AH27: =(L27*SIN(RADIANS($C$20))+M27*COS(RADIANS($C$20)))*$B$20*1000 -> 2.1624825 | AJ27: =(L27*COS(RADIANS($C$21))-M27*SIN(RADIANS($C$21)))*$B$21*1000 -> -37.046804 | AK27: =(L27*SIN(RADIANS($C$21))+M27*COS(RADIANS($C$21)))*$B$21*1000 -> 2.8234812 | AM27: =(L27*COS(RADIANS($C$22))-M27*SIN(RADIANS($C$22)))*$B$22*1000 -> -32.977658 | AN27: =(L27*SIN(RADIANS($C$22))+M27*COS(RADIANS($C$22)))*$B$22*1000 -> 3.1550819 | AP27: =(L27*COS(RADIANS($C$23))-M27*SIN(RADIANS($C$23)))*$B$23*1000 -> -29.679699 | AQ27: =(L27*SIN(RADIANS($C$23))+M27*COS(RADIANS($C$23)))*$B$23*1000 -> 3.3025939 | AS27: =(L27*COS(RADIANS($C$24))-M27*SIN(RADIANS($C$24)))*$B$24*1000 -> -29.679699 | AT27: =(L27*SIN(RADIANS($C$24))+M27*COS(RADIANS($C$24)))*$B$24*1000 -> 3.3025939 | AV27: =(L27*COS(RADIANS($C$25))-M27*SIN(RADIANS($C$25)))*$B$25*1000 -> 0 | AW27: =(L27*SIN(RADIANS($C$25))+M27*COS(RADIANS($C$25)))*$B$25*1000 -> 0 | AY27: =(L27*COS(RADIANS($C$26))-M27*SIN(RADIANS($C$26)))*$B$26*1000 -> 0 | AZ27: =(L27*SIN(RADIANS($C$26))+M27*COS(RADIANS($C$26)))*$B$26*1000 -> 0 | BB27: =(L27*COS(RADIANS($C$27))-M27*SIN(RADIANS($C$27)))*$B$27*1000 -> 0 | BC27: =(L27*SIN(RADIANS($C$27))+M27*COS(RADIANS($C$27)))*$B$27*1000 -> 0 | BE27: =(L27*COS(RADIANS($C$28))-M27*SIN(RADIANS($C$28)))*$B$28*1000 -> 0 | BF27: =(L27*SIN(RADIANS($C$28))+M27*COS(RADIANS($C$28)))*$B$28*1000 -> 0 | BH27: =(L27*COS(RADIANS($C$29))-M27*SIN(RADIANS($C$29)))*$B$29*1000 -> 0 | BI27: =(L27*SIN(RADIANS($C$29))+M27*COS(RADIANS($C$29)))*$B$29*1000 -> 0 | BK27: =(L27*COS(RADIANS($C$30))-M27*SIN(RADIANS($C$30)))*$B$30*1000 -> 0 | BL27: =(L27*SIN(RADIANS($C$30))+M27*COS(RADIANS($C$30)))*$B$30*1000 -> 0 | BN27: =(L27*COS(RADIANS($C$31))-M27*SIN(RADIANS($C$31)))*$B$31*1000 -> 0 | BO27: =(L27*SIN(RADIANS($C$31))+M27*COS(RADIANS($C$31)))*$B$31*1000 -> 0 | BQ27: =(L27*COS(RADIANS($C$32))-M27*SIN(RADIANS($C$32)))*$B$32*1000 -> 0 | BR27: =(L27*SIN(RADIANS($C$32))+M27*COS(RADIANS($C$32)))*$B$32*1000 -> 0 | BT27: =(L27*COS(RADIANS($C$33))-M27*SIN(RADIANS($C$33)))*$B$33*1000 -> 0 | BU27: =(L27*SIN(RADIANS($C$33))+M27*COS(RADIANS($C$33)))*$B$33*1000 -> 0
E28: 0.0506 | F28: 0.21919 | G28: =E28-(MIN($E$14:$E$46)+MAX($J$14:$J$48))/2 -> -0.45001 | H28: =F28-(INDEX($F$14:$F$48,MATCH(MIN($E$14:$E$48),$E$14:$E$48,0))+INDEX($F$14:$F$48,MATCH(MAX($E$14:$E$48),$E$14:$E$48,0)))/2 -> 0.20175 | J28: 0.05 | K28: 0.0589 | L28: =J28-(MIN($J$14:$J$48)+MAX($J$14:$J$48))/2 -> -0.45 | M28: =K28-(INDEX($K$14:$K$48,MATCH(MIN($J$14:$J$48),$J$14:$J$48,0))+INDEX($K$14:$K$48,MATCH(MAX($J$14:$J$48),$J$14:$J$48,0)))/2 -> 0.0581 | O28: =(G28*COS(RADIANS($C$14))-H28*SIN(RADIANS($C$14)))*$B$14*1000 -> -21.60048 | P28: =(G28*SIN(RADIANS($C$14))+H28*COS(RADIANS($C$14)))*$B$14*1000 -> 9.684 | R28: =(L28*COS(RADIANS($C$15))-M28*SIN(RADIANS($C$15)))*$B$15*1000 -> -89.606476 | S28: =(L28*SIN(RADIANS($C$15))+M28*COS(RADIANS($C$15)))*$B$15*1000 -> -37.447926 | U28: =(L28*COS(RADIANS($C$16))-M28*SIN(RADIANS($C$16)))*$B$16*1000 -> -84.393079 | V28: =(L28*SIN(RADIANS($C$16))+M28*COS(RADIANS($C$16)))*$B$16*1000 -> -19.529814 | X28: =(L28*COS(RADIANS($C$17))-M28*SIN(RADIANS($C$17)))*$B$17*1000 -> -71.568061 | Y28: =(L28*SIN(RADIANS($C$17))+M28*COS(RADIANS($C$17)))*$B$17*1000 -> -8.9557211 | AA28: =(L28*COS(RADIANS($C$18))-M28*SIN(RADIANS($C$18)))*$B$18*1000 -> -60.229736 | AB28: =(L28*SIN(RADIANS($C$18))+M28*COS(RADIANS($C$18)))*$B$18*1000 -> -3.4995755 | AD28: =(L28*COS(RADIANS($C$19))-M28*SIN(RADIANS($C$19)))*$B$19*1000 -> -51.352875 | AE28: =(L28*SIN(RADIANS($C$19))+M28*COS(RADIANS($C$19)))*$B$19*1000 -> -0.63828275 | AG28: =(L28*COS(RADIANS($C$20))-M28*SIN(RADIANS($C$20)))*$B$20*1000 -> -44.492671 | AH28: =(L28*SIN(RADIANS($C$20))+M28*COS(RADIANS($C$20)))*$B$20*1000 -> 0.91365915 | AJ28: =(L28*COS(RADIANS($C$21))-M28*SIN(RADIANS($C$21)))*$B$21*1000 -> -39.124985 | AK28: =(L28*SIN(RADIANS($C$21))+M28*COS(RADIANS($C$21)))*$B$21*1000 -> 1.7756751 | AM28: =(L28*COS(RADIANS($C$22))-M28*SIN(RADIANS($C$22)))*$B$22*1000 -> -34.848349 | AN28: =(L28*SIN(RADIANS($C$22))+M28*COS(RADIANS($C$22)))*$B$22*1000 -> 2.2567798 | AP28: =(L28*COS(RADIANS($C$23))-M28*SIN(RADIANS($C$23)))*$B$23*1000 -> -31.378299 | AQ28: =(L28*SIN(RADIANS($C$23))+M28*COS(RADIANS($C$23)))*$B$23*1000 -> 2.5189595 | AS28: =(L28*COS(RADIANS($C$24))-M28*SIN(RADIANS($C$24)))*$B$24*1000 -> -31.378299 | AT28: =(L28*SIN(RADIANS($C$24))+M28*COS(RADIANS($C$24)))*$B$24*1000 -> 2.5189595 | AV28: =(L28*COS(RADIANS($C$25))-M28*SIN(RADIANS($C$25)))*$B$25*1000 -> 0 | AW28: =(L28*SIN(RADIANS($C$25))+M28*COS(RADIANS($C$25)))*$B$25*1000 -> 0 | AY28: =(L28*COS(RADIANS($C$26))-M28*SIN(RADIANS($C$26)))*$B$26*1000 -> 0 | AZ28: =(L28*SIN(RADIANS($C$26))+M28*COS(RADIANS($C$26)))*$B$26*1000 -> 0 | BB28: =(L28*COS(RADIANS($C$27))-M28*SIN(RADIANS($C$27)))*$B$27*1000 -> 0 | BC28: =(L28*SIN(RADIANS($C$27))+M28*COS(RADIANS($C$27)))*$B$27*1000 -> 0 | BE28: =(L28*COS(RADIANS($C$28))-M28*SIN(RADIANS($C$28)))*$B$28*1000 -> 0 | BF28: =(L28*SIN(RADIANS($C$28))+M28*COS(RADIANS($C$28)))*$B$28*1000 -> 0 | BH28: =(L28*COS(RADIANS($C$29))-M28*SIN(RADIANS($C$29)))*$B$29*1000 -> 0 | BI28: =(L28*SIN(RADIANS($C$29))+M28*COS(RADIANS($C$29)))*$B$29*1000 -> 0 | BK28: =(L28*COS(RADIANS($C$30))-M28*SIN(RADIANS($C$30)))*$B$30*1000 -> 0 | BL28: =(L28*SIN(RADIANS($C$30))+M28*COS(RADIANS($C$30)))*$B$30*1000 -> 0 | BN28: =(L28*COS(RADIANS($C$31))-M28*SIN(RADIANS($C$31)))*$B$31*1000 -> 0 | BO28: =(L28*SIN(RADIANS($C$31))+M28*COS(RADIANS($C$31)))*$B$31*1000 -> 0 | BQ28: =(L28*COS(RADIANS($C$32))-M28*SIN(RADIANS($C$32)))*$B$32*1000 -> 0 | BR28: =(L28*SIN(RADIANS($C$32))+M28*COS(RADIANS($C$32)))*$B$32*1000 -> 0 | BT28: =(L28*COS(RADIANS($C$33))-M28*SIN(RADIANS($C$33)))*$B$33*1000 -> 0 | BU28: =(L28*SIN(RADIANS($C$33))+M28*COS(RADIANS($C$33)))*$B$33*1000 -> 0
E29: 0.01704 | F29: 0.12941 | G29: =E29-(MIN($E$14:$E$46)+MAX($J$14:$J$48))/2 -> -0.48357 | H29: =F29-(INDEX($F$14:$F$48,MATCH(MIN($E$14:$E$48),$E$14:$E$48,0))+INDEX($F$14:$F$48,MATCH(MAX($E$14:$E$48),$E$14:$E$48,0)))/2 -> 0.11197 | J29: 0.025 | K29: 0.0444 | L29: =J29-(MIN($J$14:$J$48)+MAX($J$14:$J$48))/2 -> -0.475 | M29: =K29-(INDEX($K$14:$K$48,MATCH(MIN($J$14:$J$48),$J$14:$J$48,0))+INDEX($K$14:$K$48,MATCH(MAX($J$14:$J$48),$J$14:$J$48,0)))/2 -> 0.0436 | O29: =(G29*COS(RADIANS($C$14))-H29*SIN(RADIANS($C$14)))*$B$14*1000 -> -23.21136 | P29: =(G29*SIN(RADIANS($C$14))+H29*COS(RADIANS($C$14)))*$B$14*1000 -> 5.37456 | R29: =(L29*COS(RADIANS($C$15))-M29*SIN(RADIANS($C$15)))*$B$15*1000 -> -92.685243 | S29: =(L29*SIN(RADIANS($C$15))+M29*COS(RADIANS($C$15)))*$B$15*1000 -> -42.813189 | U29: =(L29*COS(RADIANS($C$16))-M29*SIN(RADIANS($C$16)))*$B$16*1000 -> -87.902606 | V29: =(L29*SIN(RADIANS($C$16))+M29*COS(RADIANS($C$16)))*$B$16*1000 -> -23.787255 | X29: =(L29*COS(RADIANS($C$17))-M29*SIN(RADIANS($C$17)))*$B$17*1000 -> -74.838987 | Y29: =(L29*SIN(RADIANS($C$17))+M29*COS(RADIANS($C$17)))*$B$17*1000 -> -12.181656 | AA29: =(L29*COS(RADIANS($C$18))-M29*SIN(RADIANS($C$18)))*$B$18*1000 -> -63.138901 | AB29: =(L29*SIN(RADIANS($C$18))+M29*COS(RADIANS($C$18)))*$B$18*1000 -> -6.0103379 | AD29: =(L29*COS(RADIANS($C$19))-M29*SIN(RADIANS($C$19)))*$B$19*1000 -> -53.924164 | AE29: =(L29*SIN(RADIANS($C$19))+M29*COS(RADIANS($C$19)))*$B$19*1000 -> -2.6604287 | AG29: =(L29*COS(RADIANS($C$20))-M29*SIN(RADIANS($C$20)))*$B$20*1000 -> -46.777295 | AH29: =(L29*SIN(RADIANS($C$20))+M29*COS(RADIANS($C$20)))*$B$20*1000 -> -0.76420512 | AJ29: =(L29*COS(RADIANS($C$21))-M29*SIN(RADIANS($C$21)))*$B$21*1000 -> -41.171661 | AK29: =(L29*SIN(RADIANS($C$21))+M29*COS(RADIANS($C$21)))*$B$21*1000 -> 0.34938107 | AM29: =(L29*COS(RADIANS($C$22))-M29*SIN(RADIANS($C$22)))*$B$22*1000 -> -36.697472 | AN29: =(L29*SIN(RADIANS($C$22))+M29*COS(RADIANS($C$22)))*$B$22*1000 -> 1.0205228 | AP29: =(L29*COS(RADIANS($C$23))-M29*SIN(RADIANS($C$23)))*$B$23*1000 -> -33.062161 | AQ29: =(L29*SIN(RADIANS($C$23))+M29*COS(RADIANS($C$23)))*$B$23*1000 -> 1.4304178 | AS29: =(L29*COS(RADIANS($C$24))-M29*SIN(RADIANS($C$24)))*$B$24*1000 -> -33.062161 | AT29: =(L29*SIN(RADIANS($C$24))+M29*COS(RADIANS($C$24)))*$B$24*1000 -> 1.4304178 | AV29: =(L29*COS(RADIANS($C$25))-M29*SIN(RADIANS($C$25)))*$B$25*1000 -> 0 | AW29: =(L29*SIN(RADIANS($C$25))+M29*COS(RADIANS($C$25)))*$B$25*1000 -> 0 | AY29: =(L29*COS(RADIANS($C$26))-M29*SIN(RADIANS($C$26)))*$B$26*1000 -> 0 | AZ29: =(L29*SIN(RADIANS($C$26))+M29*COS(RADIANS($C$26)))*$B$26*1000 -> 0 | BB29: =(L29*COS(RADIANS($C$27))-M29*SIN(RADIANS($C$27)))*$B$27*1000 -> 0 | BC29: =(L29*SIN(RADIANS($C$27))+M29*COS(RADIANS($C$27)))*$B$27*1000 -> 0 | BE29: =(L29*COS(RADIANS($C$28))-M29*SIN(RADIANS($C$28)))*$B$28*1000 -> 0 | BF29: =(L29*SIN(RADIANS($C$28))+M29*COS(RADIANS($C$28)))*$B$28*1000 -> 0 | BH29: =(L29*COS(RADIANS($C$29))-M29*SIN(RADIANS($C$29)))*$B$29*1000 -> 0 | BI29: =(L29*SIN(RADIANS($C$29))+M29*COS(RADIANS($C$29)))*$B$29*1000 -> 0 | BK29: =(L29*COS(RADIANS($C$30))-M29*SIN(RADIANS($C$30)))*$B$30*1000 -> 0 | BL29: =(L29*SIN(RADIANS($C$30))+M29*COS(RADIANS($C$30)))*$B$30*1000 -> 0 | BN29: =(L29*COS(RADIANS($C$31))-M29*SIN(RADIANS($C$31)))*$B$31*1000 -> 0 | BO29: =(L29*SIN(RADIANS($C$31))+M29*COS(RADIANS($C$31)))*$B$31*1000 -> 0 | BQ29: =(L29*COS(RADIANS($C$32))-M29*SIN(RADIANS($C$32)))*$B$32*1000 -> 0 | BR29: =(L29*SIN(RADIANS($C$32))+M29*COS(RADIANS($C$32)))*$B$32*1000 -> 0 | BT29: =(L29*COS(RADIANS($C$33))-M29*SIN(RADIANS($C$33)))*$B$33*1000 -> 0 | BU29: =(L29*SIN(RADIANS($C$33))+M29*COS(RADIANS($C$33)))*$B$33*1000 -> 0
E30: 0.00122 | F30: 0.03488 | G30: =E30-(MIN($E$14:$E$46)+MAX($J$14:$J$48))/2 -> -0.49939 | H30: =F30-(INDEX($F$14:$F$48,MATCH(MIN($E$14:$E$48),$E$14:$E$48,0))+INDEX($F$14:$F$48,MATCH(MAX($E$14:$E$48),$E$14:$E$48,0)))/2 -> 0.01744 | J30: 0.0125 | K30: 0.0334 | L30: =J30-(MIN($J$14:$J$48)+MAX($J$14:$J$48))/2 -> -0.4875 | M30: =K30-(INDEX($K$14:$K$48,MATCH(MIN($J$14:$J$48),$J$14:$J$48,0))+INDEX($K$14:$K$48,MATCH(MAX($J$14:$J$48),$J$14:$J$48,0)))/2 -> 0.0326 | O30: =(G30*COS(RADIANS($C$14))-H30*SIN(RADIANS($C$14)))*$B$14*1000 -> -23.97072 | P30: =(G30*SIN(RADIANS($C$14))+H30*COS(RADIANS($C$14)))*$B$14*1000 -> 0.83712 | R30: =(L30*COS(RADIANS($C$15))-M30*SIN(RADIANS($C$15)))*$B$15*1000 -> -93.822848 | S30: =(L30*SIN(RADIANS($C$15))+M30*COS(RADIANS($C$15)))*$B$15*1000 -> -46.190667 | U30: =(L30*COS(RADIANS($C$16))-M30*SIN(RADIANS($C$16)))*$B$16*1000 -> -89.407978 | V30: =(L30*SIN(RADIANS($C$16))+M30*COS(RADIANS($C$16)))*$B$16*1000 -> -26.587052 | X30: =(L30*COS(RADIANS($C$17))-M30*SIN(RADIANS($C$17)))*$B$17*1000 -> -76.325303 | Y30: =(L30*SIN(RADIANS($C$17))+M30*COS(RADIANS($C$17)))*$B$17*1000 -> -14.371768 | AA30: =(L30*COS(RADIANS($C$18))-M30*SIN(RADIANS($C$18)))*$B$18*1000 -> -64.501058 | AB30: =(L30*SIN(RADIANS($C$18))+M30*COS(RADIANS($C$18)))*$B$18*1000 -> -7.7557004 | AD30: =(L30*COS(RADIANS($C$19))-M30*SIN(RADIANS($C$19)))*$B$19*1000 -> -55.150231 | AE30: =(L30*SIN(RADIANS($C$19))+M30*COS(RADIANS($C$19)))*$B$19*1000 -> -4.0917501 | AG30: =(L30*COS(RADIANS($C$20))-M30*SIN(RADIANS($C$20)))*$B$20*1000 -> -47.880011 | AH30: =(L30*SIN(RADIANS($C$20))+M30*COS(RADIANS($C$20)))*$B$20*1000 -> -1.9687971 | AJ30: =(L30*COS(RADIANS($C$21))-M30*SIN(RADIANS($C$21)))*$B$21*1000 -> -42.168149 | AK30: =(L30*SIN(RADIANS($C$21))+M30*COS(RADIANS($C$21)))*$B$21*1000 -> -0.68634074 | AM30: =(L30*COS(RADIANS($C$22))-M30*SIN(RADIANS($C$22)))*$B$22*1000 -> -37.603652 | AN30: =(L30*SIN(RADIANS($C$22))+M30*COS(RADIANS($C$22)))*$B$22*1000 -> 0.11436467 | AP30: =(L30*COS(RADIANS($C$23))-M30*SIN(RADIANS($C$23)))*$B$23*1000 -> -33.891532 | AQ30: =(L30*SIN(RADIANS($C$23))+M30*COS(RADIANS($C$23)))*$B$23*1000 -> 0.62628283 | AS30: =(L30*COS(RADIANS($C$24))-M30*SIN(RADIANS($C$24)))*$B$24*1000 -> -33.891532 | AT30: =(L30*SIN(RADIANS($C$24))+M30*COS(RADIANS($C$24)))*$B$24*1000 -> 0.62628283 | AV30: =(L30*COS(RADIANS($C$25))-M30*SIN(RADIANS($C$25)))*$B$25*1000 -> 0 | AW30: =(L30*SIN(RADIANS($C$25))+M30*COS(RADIANS($C$25)))*$B$25*1000 -> 0 | AY30: =(L30*COS(RADIANS($C$26))-M30*SIN(RADIANS($C$26)))*$B$26*1000 -> 0 | AZ30: =(L30*SIN(RADIANS($C$26))+M30*COS(RADIANS($C$26)))*$B$26*1000 -> 0 | BB30: =(L30*COS(RADIANS($C$27))-M30*SIN(RADIANS($C$27)))*$B$27*1000 -> 0 | BC30: =(L30*SIN(RADIANS($C$27))+M30*COS(RADIANS($C$27)))*$B$27*1000 -> 0 | BE30: =(L30*COS(RADIANS($C$28))-M30*SIN(RADIANS($C$28)))*$B$28*1000 -> 0 | BF30: =(L30*SIN(RADIANS($C$28))+M30*COS(RADIANS($C$28)))*$B$28*1000 -> 0 | BH30: =(L30*COS(RADIANS($C$29))-M30*SIN(RADIANS($C$29)))*$B$29*1000 -> 0 | BI30: =(L30*SIN(RADIANS($C$29))+M30*COS(RADIANS($C$29)))*$B$29*1000 -> 0 | BK30: =(L30*COS(RADIANS($C$30))-M30*SIN(RADIANS($C$30)))*$B$30*1000 -> 0 | BL30: =(L30*SIN(RADIANS($C$30))+M30*COS(RADIANS($C$30)))*$B$30*1000 -> 0 | BN30: =(L30*COS(RADIANS($C$31))-M30*SIN(RADIANS($C$31)))*$B$31*1000 -> 0 | BO30: =(L30*SIN(RADIANS($C$31))+M30*COS(RADIANS($C$31)))*$B$31*1000 -> 0 | BQ30: =(L30*COS(RADIANS($C$32))-M30*SIN(RADIANS($C$32)))*$B$32*1000 -> 0 | BR30: =(L30*SIN(RADIANS($C$32))+M30*COS(RADIANS($C$32)))*$B$32*1000 -> 0 | BT30: =(L30*COS(RADIANS($C$33))-M30*SIN(RADIANS($C$33)))*$B$33*1000 -> 0 | BU30: =(L30*SIN(RADIANS($C$33))+M30*COS(RADIANS($C$33)))*$B$33*1000 -> 0
E31: 0.00373 | F31: -0.06093 | G31: =E31-(MIN($E$14:$E$46)+MAX($J$14:$J$48))/2 -> -0.49688 | H31: =F31-(INDEX($F$14:$F$48,MATCH(MIN($E$14:$E$48),$E$14:$E$48,0))+INDEX($F$14:$F$48,MATCH(MAX($E$14:$E$48),$E$14:$E$48,0)))/2 -> -0.07837 | J31: 0 | K31: 0 | L31: =J31-(MIN($J$14:$J$48)+MAX($J$14:$J$48))/2 -> -0.5 | M31: =K31-(INDEX($K$14:$K$48,MATCH(MIN($J$14:$J$48),$J$14:$J$48,0))+INDEX($K$14:$K$48,MATCH(MAX($J$14:$J$48),$J$14:$J$48,0)))/2 -> -0.0008 | O31: =(G31*COS(RADIANS($C$14))-H31*SIN(RADIANS($C$14)))*$B$14*1000 -> -23.85024 | P31: =(G31*SIN(RADIANS($C$14))+H31*COS(RADIANS($C$14)))*$B$14*1000 -> -3.76176 | R31: =(L31*COS(RADIANS($C$15))-M31*SIN(RADIANS($C$15)))*$B$15*1000 -> -92.560497 | S31: =(L31*SIN(RADIANS($C$15))+M31*COS(RADIANS($C$15)))*$B$15*1000 -> -53.718696 | U31: =(L31*COS(RADIANS($C$16))-M31*SIN(RADIANS($C$16)))*$B$16*1000 -> -89.423649 | V31: =(L31*SIN(RADIANS($C$16))+M31*COS(RADIANS($C$16)))*$B$16*1000 -> -33.395412 | X31: =(L31*COS(RADIANS($C$17))-M31*SIN(RADIANS($C$17)))*$B$17*1000 -> -76.920717 | Y31: =(L31*SIN(RADIANS($C$17))+M31*COS(RADIANS($C$17)))*$B$17*1000 -> -20.009353 | AA31: =(L31*COS(RADIANS($C$18))-M31*SIN(RADIANS($C$18)))*$B$18*1000 -> -65.311129 | AB31: =(L31*SIN(RADIANS($C$18))+M31*COS(RADIANS($C$18)))*$B$18*1000 -> -12.427885 | AD31: =(L31*COS(RADIANS($C$19))-M31*SIN(RADIANS($C$19)))*$B$19*1000 -> -56.02042 | AE31: =(L31*SIN(RADIANS($C$19))+M31*COS(RADIANS($C$19)))*$B$19*1000 -> -8.0333557 | AG31: =(L31*COS(RADIANS($C$20))-M31*SIN(RADIANS($C$20)))*$B$20*1000 -> -48.7462 | AH31: =(L31*SIN(RADIANS($C$20))+M31*COS(RADIANS($C$20)))*$B$20*1000 -> -5.3575973 | AJ31: =(L31*COS(RADIANS($C$21))-M31*SIN(RADIANS($C$21)))*$B$21*1000 -> -43.004248 | AK31: =(L31*SIN(RADIANS($C$21))+M31*COS(RADIANS($C$21)))*$B$21*1000 -> -3.6489095 | AM31: =(L31*COS(RADIANS($C$22))-M31*SIN(RADIANS($C$22)))*$B$22*1000 -> -38.400035 | AN31: =(L31*SIN(RADIANS($C$22))+M31*COS(RADIANS($C$22)))*$B$22*1000 -> -2.5122907 | AP31: =(L31*COS(RADIANS($C$23))-M31*SIN(RADIANS($C$23)))*$B$23*1000 -> -34.645878 | AQ31: =(L31*SIN(RADIANS($C$23))+M31*COS(RADIANS($C$23)))*$B$23*1000 -> -1.7301076 | AS31: =(L31*COS(RADIANS($C$24))-M31*SIN(RADIANS($C$24)))*$B$24*1000 -> -34.645878 | AT31: =(L31*SIN(RADIANS($C$24))+M31*COS(RADIANS($C$24)))*$B$24*1000 -> -1.7301076 | AV31: =(L31*COS(RADIANS($C$25))-M31*SIN(RADIANS($C$25)))*$B$25*1000 -> 0 | AW31: =(L31*SIN(RADIANS($C$25))+M31*COS(RADIANS($C$25)))*$B$25*1000 -> 0 | AY31: =(L31*COS(RADIANS($C$26))-M31*SIN(RADIANS($C$26)))*$B$26*1000 -> 0 | AZ31: =(L31*SIN(RADIANS($C$26))+M31*COS(RADIANS($C$26)))*$B$26*1000 -> 0 | BB31: =(L31*COS(RADIANS($C$27))-M31*SIN(RADIANS($C$27)))*$B$27*1000 -> 0 | BC31: =(L31*SIN(RADIANS($C$27))+M31*COS(RADIANS($C$27)))*$B$27*1000 -> 0 | BE31: =(L31*COS(RADIANS($C$28))-M31*SIN(RADIANS($C$28)))*$B$28*1000 -> 0 | BF31: =(L31*SIN(RADIANS($C$28))+M31*COS(RADIANS($C$28)))*$B$28*1000 -> 0 | BH31: =(L31*COS(RADIANS($C$29))-M31*SIN(RADIANS($C$29)))*$B$29*1000 -> 0 | BI31: =(L31*SIN(RADIANS($C$29))+M31*COS(RADIANS($C$29)))*$B$29*1000 -> 0 | BK31: =(L31*COS(RADIANS($C$30))-M31*SIN(RADIANS($C$30)))*$B$30*1000 -> 0 | BL31: =(L31*SIN(RADIANS($C$30))+M31*COS(RADIANS($C$30)))*$B$30*1000 -> 0 | BN31: =(L31*COS(RADIANS($C$31))-M31*SIN(RADIANS($C$31)))*$B$31*1000 -> 0 | BO31: =(L31*SIN(RADIANS($C$31))+M31*COS(RADIANS($C$31)))*$B$31*1000 -> 0 | BQ31: =(L31*COS(RADIANS($C$32))-M31*SIN(RADIANS($C$32)))*$B$32*1000 -> 0 | BR31: =(L31*SIN(RADIANS($C$32))+M31*COS(RADIANS($C$32)))*$B$32*1000 -> 0 | BT31: =(L31*COS(RADIANS($C$33))-M31*SIN(RADIANS($C$33)))*$B$33*1000 -> 0 | BU31: =(L31*SIN(RADIANS($C$33))+M31*COS(RADIANS($C$33)))*$B$33*1000 -> 0
E32: 0.02447 | F32: -0.15451 | G32: =E32-(MIN($E$14:$E$46)+MAX($J$14:$J$48))/2 -> -0.47614 | H32: =F32-(INDEX($F$14:$F$48,MATCH(MIN($E$14:$E$48),$E$14:$E$48,0))+INDEX($F$14:$F$48,MATCH(MAX($E$14:$E$48),$E$14:$E$48,0)))/2 -> -0.17195 | J32: 0.0125 | K32: -0.0154 | L32: =J32-(MIN($J$14:$J$48)+MAX($J$14:$J$48))/2 -> -0.4875 | M32: =K32-(INDEX($K$14:$K$48,MATCH(MIN($J$14:$J$48),$J$14:$J$48,0))+INDEX($K$14:$K$48,MATCH(MAX($J$14:$J$48),$J$14:$J$48,0)))/2 -> -0.0162 | O32: =(G32*COS(RADIANS($C$14))-H32*SIN(RADIANS($C$14)))*$B$14*1000 -> -22.85472 | P32: =(G32*SIN(RADIANS($C$14))+H32*COS(RADIANS($C$14)))*$B$14*1000 -> -8.2536 | R32: =(L32*COS(RADIANS($C$15))-M32*SIN(RADIANS($C$15)))*$B$15*1000 -> -88.594371 | S32: =(L32*SIN(RADIANS($C$15))+M32*COS(RADIANS($C$15)))*$B$15*1000 -> -55.232937 | U32: =(L32*COS(RADIANS($C$16))-M32*SIN(RADIANS($C$16)))*$B$16*1000 -> -86.162559 | V32: =(L32*SIN(RADIANS($C$16))+M32*COS(RADIANS($C$16)))*$B$16*1000 -> -35.319993 | X32: =(L32*COS(RADIANS($C$17))-M32*SIN(RADIANS($C$17)))*$B$17*1000 -> -74.384407 | Y32: =(L32*SIN(RADIANS($C$17))+M32*COS(RADIANS($C$17)))*$B$17*1000 -> -21.882335 | AA32: =(L32*COS(RADIANS($C$18))-M32*SIN(RADIANS($C$18)))*$B$18*1000 -> -63.298299 | AB32: =(L32*SIN(RADIANS($C$18))+M32*COS(RADIANS($C$18)))*$B$18*1000 -> -14.131991 | AD32: =(L32*COS(RADIANS($C$19))-M32*SIN(RADIANS($C$19)))*$B$19*1000 -> -54.374926 | AE32: =(L32*SIN(RADIANS($C$19))+M32*COS(RADIANS($C$19)))*$B$19*1000 -> -9.5605836 | AG32: =(L32*COS(RADIANS($C$20))-M32*SIN(RADIANS($C$20)))*$B$20*1000 -> -47.364723 | AH32: =(L32*SIN(RADIANS($C$20))+M32*COS(RADIANS($C$20)))*$B$20*1000 -> -6.7272507 | AJ32: =(L32*COS(RADIANS($C$21))-M32*SIN(RADIANS($C$21)))*$B$21*1000 -> -41.818732 | AK32: =(L32*SIN(RADIANS($C$21))+M32*COS(RADIANS($C$21)))*$B$21*1000 -> -4.8841144 | AM32: =(L32*COS(RADIANS($C$22))-M32*SIN(RADIANS($C$22)))*$B$22*1000 -> -37.36445 | AN32: =(L32*SIN(RADIANS($C$22))+M32*COS(RADIANS($C$22)))*$B$22*1000 -> -3.6338614 | AP32: =(L32*COS(RADIANS($C$23))-M32*SIN(RADIANS($C$23)))*$B$23*1000 -> -33.728084 | AQ32: =(L32*SIN(RADIANS($C$23))+M32*COS(RADIANS($C$23)))*$B$23*1000 -> -2.7554164 | AS32: =(L32*COS(RADIANS($C$24))-M32*SIN(RADIANS($C$24)))*$B$24*1000 -> -33.728084 | AT32: =(L32*SIN(RADIANS($C$24))+M32*COS(RADIANS($C$24)))*$B$24*1000 -> -2.7554164 | AV32: =(L32*COS(RADIANS($C$25))-M32*SIN(RADIANS($C$25)))*$B$25*1000 -> 0 | AW32: =(L32*SIN(RADIANS($C$25))+M32*COS(RADIANS($C$25)))*$B$25*1000 -> 0 | AY32: =(L32*COS(RADIANS($C$26))-M32*SIN(RADIANS($C$26)))*$B$26*1000 -> 0 | AZ32: =(L32*SIN(RADIANS($C$26))+M32*COS(RADIANS($C$26)))*$B$26*1000 -> 0 | BB32: =(L32*COS(RADIANS($C$27))-M32*SIN(RADIANS($C$27)))*$B$27*1000 -> 0 | BC32: =(L32*SIN(RADIANS($C$27))+M32*COS(RADIANS($C$27)))*$B$27*1000 -> 0 | BE32: =(L32*COS(RADIANS($C$28))-M32*SIN(RADIANS($C$28)))*$B$28*1000 -> 0 | BF32: =(L32*SIN(RADIANS($C$28))+M32*COS(RADIANS($C$28)))*$B$28*1000 -> 0 | BH32: =(L32*COS(RADIANS($C$29))-M32*SIN(RADIANS($C$29)))*$B$29*1000 -> 0 | BI32: =(L32*SIN(RADIANS($C$29))+M32*COS(RADIANS($C$29)))*$B$29*1000 -> 0 | BK32: =(L32*COS(RADIANS($C$30))-M32*SIN(RADIANS($C$30)))*$B$30*1000 -> 0 | BL32: =(L32*SIN(RADIANS($C$30))+M32*COS(RADIANS($C$30)))*$B$30*1000 -> 0 | BN32: =(L32*COS(RADIANS($C$31))-M32*SIN(RADIANS($C$31)))*$B$31*1000 -> 0 | BO32: =(L32*SIN(RADIANS($C$31))+M32*COS(RADIANS($C$31)))*$B$31*1000 -> 0 | BQ32: =(L32*COS(RADIANS($C$32))-M32*SIN(RADIANS($C$32)))*$B$32*1000 -> 0 | BR32: =(L32*SIN(RADIANS($C$32))+M32*COS(RADIANS($C$32)))*$B$32*1000 -> 0 | BT32: =(L32*COS(RADIANS($C$33))-M32*SIN(RADIANS($C$33)))*$B$33*1000 -> 0 | BU32: =(L32*SIN(RADIANS($C$33))+M32*COS(RADIANS($C$33)))*$B$33*1000 -> 0
E33: 0.06269 | F33: -0.2424 | G33: =E33-(MIN($E$14:$E$46)+MAX($J$14:$J$48))/2 -> -0.43792 | H33: =F33-(INDEX($F$14:$F$48,MATCH(MIN($E$14:$E$48),$E$14:$E$48,0))+INDEX($F$14:$F$48,MATCH(MAX($E$14:$E$48),$E$14:$E$48,0)))/2 -> -0.25984 | J33: 0.025 | K33: -0.0225 | L33: =J33-(MIN($J$14:$J$48)+MAX($J$14:$J$48))/2 -> -0.475 | M33: =K33-(INDEX($K$14:$K$48,MATCH(MIN($J$14:$J$48),$J$14:$J$48,0))+INDEX($K$14:$K$48,MATCH(MAX($J$14:$J$48),$J$14:$J$48,0)))/2 -> -0.0233 | O33: =(G33*COS(RADIANS($C$14))-H33*SIN(RADIANS($C$14)))*$B$14*1000 -> -21.02016 | P33: =(G33*SIN(RADIANS($C$14))+H33*COS(RADIANS($C$14)))*$B$14*1000 -> -12.47232 | R33: =(L33*COS(RADIANS($C$15))-M33*SIN(RADIANS($C$15)))*$B$15*1000 -> -85.517516 | S33: =(L33*SIN(RADIANS($C$15))+M33*COS(RADIANS($C$15)))*$B$15*1000 -> -55.209252 | U33: =(L33*COS(RADIANS($C$16))-M33*SIN(RADIANS($C$16)))*$B$16*1000 -> -83.453455 | V33: =(L33*SIN(RADIANS($C$16))+M33*COS(RADIANS($C$16)))*$B$16*1000 -> -35.759258 | X33: =(L33*COS(RADIANS($C$17))-M33*SIN(RADIANS($C$17)))*$B$17*1000 -> -72.17821 | Y33: =(L33*SIN(RADIANS($C$17))+M33*COS(RADIANS($C$17)))*$B$17*1000 -> -22.477905 | AA33: =(L33*COS(RADIANS($C$18))-M33*SIN(RADIANS($C$18)))*$B$18*1000 -> -61.490036 | AB33: =(L33*SIN(RADIANS($C$18))+M33*COS(RADIANS($C$18)))*$B$18*1000 -> -14.751605 | AD33: =(L33*COS(RADIANS($C$19))-M33*SIN(RADIANS($C$19)))*$B$19*1000 -> -52.861297 | AE33: =(L33*SIN(RADIANS($C$19))+M33*COS(RADIANS($C$19)))*$B$19*1000 -> -10.157661 | AG33: =(L33*COS(RADIANS($C$20))-M33*SIN(RADIANS($C$20)))*$B$20*1000 -> -46.070886 | AH33: =(L33*SIN(RADIANS($C$20))+M33*COS(RADIANS($C$20)))*$B$20*1000 -> -7.287577 | AJ33: =(L33*COS(RADIANS($C$21))-M33*SIN(RADIANS($C$21)))*$B$21*1000 -> -40.692645 | AK33: =(L33*SIN(RADIANS($C$21))+M33*COS(RADIANS($C$21)))*$B$21*1000 -> -5.4053537 | AM33: =(L33*COS(RADIANS($C$22))-M33*SIN(RADIANS($C$22)))*$B$22*1000 -> -36.369549 | AN33: =(L33*SIN(RADIANS($C$22))+M33*COS(RADIANS($C$22)))*$B$22*1000 -> -4.1179265 | AP33: =(L33*COS(RADIANS($C$23))-M33*SIN(RADIANS($C$23)))*$B$23*1000 -> -32.83809 | AQ33: =(L33*SIN(RADIANS($C$23))+M33*COS(RADIANS($C$23)))*$B$23*1000 -> -3.2055592 | AS33: =(L33*COS(RADIANS($C$24))-M33*SIN(RADIANS($C$24)))*$B$24*1000 -> -32.83809 | AT33: =(L33*SIN(RADIANS($C$24))+M33*COS(RADIANS($C$24)))*$B$24*1000 -> -3.2055592 | AV33: =(L33*COS(RADIANS($C$25))-M33*SIN(RADIANS($C$25)))*$B$25*1000 -> 0 | AW33: =(L33*SIN(RADIANS($C$25))+M33*COS(RADIANS($C$25)))*$B$25*1000 -> 0 | AY33: =(L33*COS(RADIANS($C$26))-M33*SIN(RADIANS($C$26)))*$B$26*1000 -> 0 | AZ33: =(L33*SIN(RADIANS($C$26))+M33*COS(RADIANS($C$26)))*$B$26*1000 -> 0 | BB33: =(L33*COS(RADIANS($C$27))-M33*SIN(RADIANS($C$27)))*$B$27*1000 -> 0 | BC33: =(L33*SIN(RADIANS($C$27))+M33*COS(RADIANS($C$27)))*$B$27*1000 -> 0 | BE33: =(L33*COS(RADIANS($C$28))-M33*SIN(RADIANS($C$28)))*$B$28*1000 -> 0 | BF33: =(L33*SIN(RADIANS($C$28))+M33*COS(RADIANS($C$28)))*$B$28*1000 -> 0 | BH33: =(L33*COS(RADIANS($C$29))-M33*SIN(RADIANS($C$29)))*$B$29*1000 -> 0 | BI33: =(L33*SIN(RADIANS($C$29))+M33*COS(RADIANS($C$29)))*$B$29*1000 -> 0 | BK33: =(L33*COS(RADIANS($C$30))-M33*SIN(RADIANS($C$30)))*$B$30*1000 -> 0 | BL33: =(L33*SIN(RADIANS($C$30))+M33*COS(RADIANS($C$30)))*$B$30*1000 -> 0 | BN33: =(L33*COS(RADIANS($C$31))-M33*SIN(RADIANS($C$31)))*$B$31*1000 -> 0 | BO33: =(L33*SIN(RADIANS($C$31))+M33*COS(RADIANS($C$31)))*$B$31*1000 -> 0 | BQ33: =(L33*COS(RADIANS($C$32))-M33*SIN(RADIANS($C$32)))*$B$32*1000 -> 0 | BR33: =(L33*SIN(RADIANS($C$32))+M33*COS(RADIANS($C$32)))*$B$32*1000 -> 0 | BT33: =(L33*COS(RADIANS($C$33))-M33*SIN(RADIANS($C$33)))*$B$33*1000 -> 0 | BU33: =(L33*SIN(RADIANS($C$33))+M33*COS(RADIANS($C$33)))*$B$33*1000 -> 0
E34: 0.11698 | F34: -0.32139 | G34: =E34-(MIN($E$14:$E$46)+MAX($J$14:$J$48))/2 -> -0.38363 | H34: =F34-(INDEX($F$14:$F$48,MATCH(MIN($E$14:$E$48),$E$14:$E$48,0))+INDEX($F$14:$F$48,MATCH(MAX($E$14:$E$48),$E$14:$E$48,0)))/2 -> -0.33883 | J34: 0.05 | K34: -0.0304 | L34: =J34-(MIN($J$14:$J$48)+MAX($J$14:$J$48))/2 -> -0.45 | M34: =K34-(INDEX($K$14:$K$48,MATCH(MIN($J$14:$J$48),$J$14:$J$48,0))+INDEX($K$14:$K$48,MATCH(MAX($J$14:$J$48),$J$14:$J$48,0)))/2 -> -0.0312 | O34: =(G34*COS(RADIANS($C$14))-H34*SIN(RADIANS($C$14)))*$B$14*1000 -> -18.41424 | P34: =(G34*SIN(RADIANS($C$14))+H34*COS(RADIANS($C$14)))*$B$14*1000 -> -16.26384 | R34: =(L34*COS(RADIANS($C$15))-M34*SIN(RADIANS($C$15)))*$B$15*1000 -> -80.038792 | S34: =(L34*SIN(RADIANS($C$15))+M34*COS(RADIANS($C$15)))*$B$15*1000 -> -53.994539 | U34: =(L34*COS(RADIANS($C$16))-M34*SIN(RADIANS($C$16)))*$B$16*1000 -> -78.454227 | V34: =(L34*SIN(RADIANS($C$16))+M34*COS(RADIANS($C$16)))*$B$16*1000 -> -35.51038 | X34: =(L34*COS(RADIANS($C$17))-M34*SIN(RADIANS($C$17)))*$B$17*1000 -> -68.01638 | Y34: =(L34*SIN(RADIANS($C$17))+M34*COS(RADIANS($C$17)))*$B$17*1000 -> -22.699444 | AA34: =(L34*COS(RADIANS($C$18))-M34*SIN(RADIANS($C$18)))*$B$18*1000 -> -58.028785 | AB34: =(L34*SIN(RADIANS($C$18))+M34*COS(RADIANS($C$18)))*$B$18*1000 -> -15.167665 | AD34: =(L34*COS(RADIANS($C$19))-M34*SIN(RADIANS($C$19)))*$B$19*1000 -> -49.93413 | AE34: =(L34*SIN(RADIANS($C$19))+M34*COS(RADIANS($C$19)))*$B$19*1000 -> -10.6458 | AG34: =(L34*COS(RADIANS($C$20))-M34*SIN(RADIANS($C$20)))*$B$20*1000 -> -43.549736 | AH34: =(L34*SIN(RADIANS($C$20))+M34*COS(RADIANS($C$20)))*$B$20*1000 -> -7.7939209 | AJ34: =(L34*COS(RADIANS($C$21))-M34*SIN(RADIANS($C$21)))*$B$21*1000 -> -38.485581 | AK34: =(L34*SIN(RADIANS($C$21))+M34*COS(RADIANS($C$21)))*$B$21*1000 -> -5.9059067 | AM34: =(L34*COS(RADIANS($C$22))-M34*SIN(RADIANS($C$22)))*$B$22*1000 -> -34.410628 | AN34: =(L34*SIN(RADIANS($C$22))+M34*COS(RADIANS($C$22)))*$B$22*1000 -> -4.6021668 | AP34: =(L34*COS(RADIANS($C$23))-M34*SIN(RADIANS($C$23)))*$B$23*1000 -> -31.079203 | AQ34: =(L34*SIN(RADIANS($C$23))+M34*COS(RADIANS($C$23)))*$B$23*1000 -> -3.6692729 | AS34: =(L34*COS(RADIANS($C$24))-M34*SIN(RADIANS($C$24)))*$B$24*1000 -> -31.079203 | AT34: =(L34*SIN(RADIANS($C$24))+M34*COS(RADIANS($C$24)))*$B$24*1000 -> -3.6692729 | AV34: =(L34*COS(RADIANS($C$25))-M34*SIN(RADIANS($C$25)))*$B$25*1000 -> 0 | AW34: =(L34*SIN(RADIANS($C$25))+M34*COS(RADIANS($C$25)))*$B$25*1000 -> 0 | AY34: =(L34*COS(RADIANS($C$26))-M34*SIN(RADIANS($C$26)))*$B$26*1000 -> 0 | AZ34: =(L34*SIN(RADIANS($C$26))+M34*COS(RADIANS($C$26)))*$B$26*1000 -> 0 | BB34: =(L34*COS(RADIANS($C$27))-M34*SIN(RADIANS($C$27)))*$B$27*1000 -> 0 | BC34: =(L34*SIN(RADIANS($C$27))+M34*COS(RADIANS($C$27)))*$B$27*1000 -> 0 | BE34: =(L34*COS(RADIANS($C$28))-M34*SIN(RADIANS($C$28)))*$B$28*1000 -> 0 | BF34: =(L34*SIN(RADIANS($C$28))+M34*COS(RADIANS($C$28)))*$B$28*1000 -> 0 | BH34: =(L34*COS(RADIANS($C$29))-M34*SIN(RADIANS($C$29)))*$B$29*1000 -> 0 | BI34: =(L34*SIN(RADIANS($C$29))+M34*COS(RADIANS($C$29)))*$B$29*1000 -> 0 | BK34: =(L34*COS(RADIANS($C$30))-M34*SIN(RADIANS($C$30)))*$B$30*1000 -> 0 | BL34: =(L34*SIN(RADIANS($C$30))+M34*COS(RADIANS($C$30)))*$B$30*1000 -> 0 | BN34: =(L34*COS(RADIANS($C$31))-M34*SIN(RADIANS($C$31)))*$B$31*1000 -> 0 | BO34: =(L34*SIN(RADIANS($C$31))+M34*COS(RADIANS($C$31)))*$B$31*1000 -> 0 | BQ34: =(L34*COS(RADIANS($C$32))-M34*SIN(RADIANS($C$32)))*$B$32*1000 -> 0 | BR34: =(L34*SIN(RADIANS($C$32))+M34*COS(RADIANS($C$32)))*$B$32*1000 -> 0 | BT34: =(L34*COS(RADIANS($C$33))-M34*SIN(RADIANS($C$33)))*$B$33*1000 -> 0 | BU34: =(L34*SIN(RADIANS($C$33))+M34*COS(RADIANS($C$33)))*$B$33*1000 -> 0
E35: 0.18534 | F35: -0.38857 | G35: =E35-(MIN($E$14:$E$46)+MAX($J$14:$J$48))/2 -> -0.31527 | H35: =F35-(INDEX($F$14:$F$48,MATCH(MIN($E$14:$E$48),$E$14:$E$48,0))+INDEX($F$14:$F$48,MATCH(MAX($E$14:$E$48),$E$14:$E$48,0)))/2 -> -0.40601 | J35: 0.075 | K35: -0.0361 | L35: =J35-(MIN($J$14:$J$48)+MAX($J$14:$J$48))/2 -> -0.425 | M35: =K35-(INDEX($K$14:$K$48,MATCH(MIN($J$14:$J$48),$J$14:$J$48,0))+INDEX($K$14:$K$48,MATCH(MAX($J$14:$J$48),$J$14:$J$48,0)))/2 -> -0.0369 | O35: =(G35*COS(RADIANS($C$14))-H35*SIN(RADIANS($C$14)))*$B$14*1000 -> -15.13296 | P35: =(G35*SIN(RADIANS($C$14))+H35*COS(RADIANS($C$14)))*$B$14*1000 -> -19.48848 | R35: =(L35*COS(RADIANS($C$15))-M35*SIN(RADIANS($C$15)))*$B$15*1000 -> -74.795778 | S35: =(L35*SIN(RADIANS($C$15))+M35*COS(RADIANS($C$15)))*$B$15*1000 -> -52.372183 | U35: =(L35*COS(RADIANS($C$16))-M35*SIN(RADIANS($C$16)))*$B$16*1000 -> -73.601309 | V35: =(L35*SIN(RADIANS($C$16))+M35*COS(RADIANS($C$16)))*$B$16*1000 -> -34.867804 | X35: =(L35*COS(RADIANS($C$17))-M35*SIN(RADIANS($C$17)))*$B$17*1000 -> -63.942051 | Y35: =(L35*SIN(RADIANS($C$17))+M35*COS(RADIANS($C$17)))*$B$17*1000 -> -22.582391 | AA35: =(L35*COS(RADIANS($C$18))-M35*SIN(RADIANS($C$18)))*$B$18*1000 -> -54.621756 | AB35: =(L35*SIN(RADIANS($C$18))+M35*COS(RADIANS($C$18)))*$B$18*1000 -> -15.296269 | AD35: =(L35*COS(RADIANS($C$19))-M35*SIN(RADIANS($C$19)))*$B$19*1000 -> -47.041915 | AE35: =(L35*SIN(RADIANS($C$19))+M35*COS(RADIANS($C$19)))*$B$19*1000 -> -10.887392 | AG35: =(L35*COS(RADIANS($C$20))-M35*SIN(RADIANS($C$20)))*$B$20*1000 -> -41.051817 | AH35: =(L35*SIN(RADIANS($C$20))+M35*COS(RADIANS($C$20)))*$B$20*1000 -> -8.0857444 | AJ35: =(L35*COS(RADIANS($C$21))-M35*SIN(RADIANS($C$21)))*$B$21*1000 -> -36.294269 | AK35: =(L35*SIN(RADIANS($C$21))+M35*COS(RADIANS($C$21)))*$B$21*1000 -> -6.2172157 | AM35: =(L35*COS(RADIANS($C$22))-M35*SIN(RADIANS($C$22)))*$B$22*1000 -> -32.46249 | AN35: =(L35*SIN(RADIANS($C$22))+M35*COS(RADIANS($C$22)))*$B$22*1000 -> -4.9174297 | AP35: =(L35*COS(RADIANS($C$23))-M35*SIN(RADIANS($C$23)))*$B$23*1000 -> -29.327683 | AQ35: =(L35*SIN(RADIANS($C$23))+M35*COS(RADIANS($C$23)))*$B$23*1000 -> -3.980533 | AS35: =(L35*COS(RADIANS($C$24))-M35*SIN(RADIANS($C$24)))*$B$24*1000 -> -29.327683 | AT35: =(L35*SIN(RADIANS($C$24))+M35*COS(RADIANS($C$24)))*$B$24*1000 -> -3.980533 | AV35: =(L35*COS(RADIANS($C$25))-M35*SIN(RADIANS($C$25)))*$B$25*1000 -> 0 | AW35: =(L35*SIN(RADIANS($C$25))+M35*COS(RADIANS($C$25)))*$B$25*1000 -> 0 | AY35: =(L35*COS(RADIANS($C$26))-M35*SIN(RADIANS($C$26)))*$B$26*1000 -> 0 | AZ35: =(L35*SIN(RADIANS($C$26))+M35*COS(RADIANS($C$26)))*$B$26*1000 -> 0 | BB35: =(L35*COS(RADIANS($C$27))-M35*SIN(RADIANS($C$27)))*$B$27*1000 -> 0 | BC35: =(L35*SIN(RADIANS($C$27))+M35*COS(RADIANS($C$27)))*$B$27*1000 -> 0 | BE35: =(L35*COS(RADIANS($C$28))-M35*SIN(RADIANS($C$28)))*$B$28*1000 -> 0 | BF35: =(L35*SIN(RADIANS($C$28))+M35*COS(RADIANS($C$28)))*$B$28*1000 -> 0 | BH35: =(L35*COS(RADIANS($C$29))-M35*SIN(RADIANS($C$29)))*$B$29*1000 -> 0 | BI35: =(L35*SIN(RADIANS($C$29))+M35*COS(RADIANS($C$29)))*$B$29*1000 -> 0 | BK35: =(L35*COS(RADIANS($C$30))-M35*SIN(RADIANS($C$30)))*$B$30*1000 -> 0 | BL35: =(L35*SIN(RADIANS($C$30))+M35*COS(RADIANS($C$30)))*$B$30*1000 -> 0 | BN35: =(L35*COS(RADIANS($C$31))-M35*SIN(RADIANS($C$31)))*$B$31*1000 -> 0 | BO35: =(L35*SIN(RADIANS($C$31))+M35*COS(RADIANS($C$31)))*$B$31*1000 -> 0 | BQ35: =(L35*COS(RADIANS($C$32))-M35*SIN(RADIANS($C$32)))*$B$32*1000 -> 0 | BR35: =(L35*SIN(RADIANS($C$32))+M35*COS(RADIANS($C$32)))*$B$32*1000 -> 0 | BT35: =(L35*COS(RADIANS($C$33))-M35*SIN(RADIANS($C$33)))*$B$33*1000 -> 0 | BU35: =(L35*SIN(RADIANS($C$33))+M35*COS(RADIANS($C$33)))*$B$33*1000 -> 0
E36: 0.26526 | F36: -0.44147 | G36: =E36-(MIN($E$14:$E$46)+MAX($J$14:$J$48))/2 -> -0.23535 | H36: =F36-(INDEX($F$14:$F$48,MATCH(MIN($E$14:$E$48),$E$14:$E$48,0))+INDEX($F$14:$F$48,MATCH(MAX($E$14:$E$48),$E$14:$E$48,0)))/2 -> -0.45891 | J36: 0.1 | K36: -0.0409 | L36: =J36-(MIN($J$14:$J$48)+MAX($J$14:$J$48))/2 -> -0.4 | M36: =K36-(INDEX($K$14:$K$48,MATCH(MIN($J$14:$J$48),$J$14:$J$48,0))+INDEX($K$14:$K$48,MATCH(MAX($J$14:$J$48),$J$14:$J$48,0)))/2 -> -0.0417 | O36: =(G36*COS(RADIANS($C$14))-H36*SIN(RADIANS($C$14)))*$B$14*1000 -> -11.2968 | P36: =(G36*SIN(RADIANS($C$14))+H36*COS(RADIANS($C$14)))*$B$14*1000 -> -22.02768 | R36: =(L36*COS(RADIANS($C$15))-M36*SIN(RADIANS($C$15)))*$B$15*1000 -> -69.649191 | S36: =(L36*SIN(RADIANS($C$15))+M36*COS(RADIANS($C$15)))*$B$15*1000 -> -50.583063 | U36: =(L36*COS(RADIANS($C$16))-M36*SIN(RADIANS($C$16)))*$B$16*1000 -> -68.808245 | V36: =(L36*SIN(RADIANS($C$16))+M36*COS(RADIANS($C$16)))*$B$16*1000 -> -34.064169 | X36: =(L36*COS(RADIANS($C$17))-M36*SIN(RADIANS($C$17)))*$B$17*1000 -> -59.903516 | Y36: =(L36*SIN(RADIANS($C$17))+M36*COS(RADIANS($C$17)))*$B$17*1000 -> -22.326824 | AA36: =(L36*COS(RADIANS($C$18))-M36*SIN(RADIANS($C$18)))*$B$18*1000 -> -51.23691 | AB36: =(L36*SIN(RADIANS($C$18))+M36*COS(RADIANS($C$18)))*$B$18*1000 -> -15.307277 | AD36: =(L36*COS(RADIANS($C$19))-M36*SIN(RADIANS($C$19)))*$B$19*1000 -> -44.163999 | AE36: =(L36*SIN(RADIANS($C$19))+M36*COS(RADIANS($C$19)))*$B$19*1000 -> -11.028125 | AG36: =(L36*COS(RADIANS($C$20))-M36*SIN(RADIANS($C$20)))*$B$20*1000 -> -38.5634 | AH36: =(L36*SIN(RADIANS($C$20))+M36*COS(RADIANS($C$20)))*$B$20*1000 -> -8.2898095 | AJ36: =(L36*COS(RADIANS($C$21))-M36*SIN(RADIANS($C$21)))*$B$21*1000 -> -34.109401 | AK36: =(L36*SIN(RADIANS($C$21))+M36*COS(RADIANS($C$21)))*$B$21*1000 -> -6.4511068 | AM36: =(L36*COS(RADIANS($C$22))-M36*SIN(RADIANS($C$22)))*$B$22*1000 -> -30.518764 | AN36: =(L36*SIN(RADIANS($C$22))+M36*COS(RADIANS($C$22)))*$B$22*1000 -> -5.1635654 | AP36: =(L36*COS(RADIANS($C$23))-M36*SIN(RADIANS($C$23)))*$B$23*1000 -> -27.579179 | AQ36: =(L36*SIN(RADIANS($C$23))+M36*COS(RADIANS($C$23)))*$B$23*1000 -> -4.2294256 | AS36: =(L36*COS(RADIANS($C$24))-M36*SIN(RADIANS($C$24)))*$B$24*1000 -> -27.579179 | AT36: =(L36*SIN(RADIANS($C$24))+M36*COS(RADIANS($C$24)))*$B$24*1000 -> -4.2294256 | AV36: =(L36*COS(RADIANS($C$25))-M36*SIN(RADIANS($C$25)))*$B$25*1000 -> 0 | AW36: =(L36*SIN(RADIANS($C$25))+M36*COS(RADIANS($C$25)))*$B$25*1000 -> 0 | AY36: =(L36*COS(RADIANS($C$26))-M36*SIN(RADIANS($C$26)))*$B$26*1000 -> 0 | AZ36: =(L36*SIN(RADIANS($C$26))+M36*COS(RADIANS($C$26)))*$B$26*1000 -> 0 | BB36: =(L36*COS(RADIANS($C$27))-M36*SIN(RADIANS($C$27)))*$B$27*1000 -> 0 | BC36: =(L36*SIN(RADIANS($C$27))+M36*COS(RADIANS($C$27)))*$B$27*1000 -> 0 | BE36: =(L36*COS(RADIANS($C$28))-M36*SIN(RADIANS($C$28)))*$B$28*1000 -> 0 | BF36: =(L36*SIN(RADIANS($C$28))+M36*COS(RADIANS($C$28)))*$B$28*1000 -> 0 | BH36: =(L36*COS(RADIANS($C$29))-M36*SIN(RADIANS($C$29)))*$B$29*1000 -> 0 | BI36: =(L36*SIN(RADIANS($C$29))+M36*COS(RADIANS($C$29)))*$B$29*1000 -> 0 | BK36: =(L36*COS(RADIANS($C$30))-M36*SIN(RADIANS($C$30)))*$B$30*1000 -> 0 | BL36: =(L36*SIN(RADIANS($C$30))+M36*COS(RADIANS($C$30)))*$B$30*1000 -> 0 | BN36: =(L36*COS(RADIANS($C$31))-M36*SIN(RADIANS($C$31)))*$B$31*1000 -> 0 | BO36: =(L36*SIN(RADIANS($C$31))+M36*COS(RADIANS($C$31)))*$B$31*1000 -> 0 | BQ36: =(L36*COS(RADIANS($C$32))-M36*SIN(RADIANS($C$32)))*$B$32*1000 -> 0 | BR36: =(L36*SIN(RADIANS($C$32))+M36*COS(RADIANS($C$32)))*$B$32*1000 -> 0 | BT36: =(L36*COS(RADIANS($C$33))-M36*SIN(RADIANS($C$33)))*$B$33*1000 -> 0 | BU36: =(L36*SIN(RADIANS($C$33))+M36*COS(RADIANS($C$33)))*$B$33*1000 -> 0
... E46: 0.99513 | F46: -0.06959 | G46: =E46-(MIN($E$14:$E$46)+MAX($J$14:$J$48))/2 -> 0.49452 | H46: =F46-(INDEX($F$14:$F$48,MATCH(MIN($E$14:$E$48),$E$14:$E$48,0))+INDEX($F$14:$F$48,MATCH(MAX($E$14:$E$48),$E$14:$E$48,0)))/2 -> -0.08703 | J46: 0.9 | K46: -0.0159 | L46: =J46-(MIN($J$14:$J$48)+MAX($J$14:$J$48))/2 -> 0.4 | M46: =K46-(INDEX($K$14:$K$48,MATCH(MIN($J$14:$J$48),$J$14:$J$48,0))+INDEX($K$14:$K$48,MATCH(MAX($J$14:$J$48),$J$14:$J$48,0)))/2 -> -0.0167 | O46: =(G46*COS(RADIANS($C$14))-H46*SIN(RADIANS($C$14)))*$B$14*1000 -> 23.73696 | P46: =(G46*SIN(RADIANS($C$14))+H46*COS(RADIANS($C$14)))*$B$14*1000 -> -4.17744 | R46: =(L46*COS(RADIANS($C$15))-M46*SIN(RADIANS($C$15)))*$B$15*1000 -> 75.906221 | S46: =(L46*SIN(RADIANS($C$15))+M46*COS(RADIANS($C$15)))*$B$15*1000 -> 39.761986 | U46: =(L46*COS(RADIANS($C$16))-M46*SIN(RADIANS($C$16)))*$B$16*1000 -> 72.692107 | V46: =(L46*SIN(RADIANS($C$16))+M46*COS(RADIANS($C$16)))*$B$16*1000 -> 23.613273 | X46: =(L46*COS(RADIANS($C$17))-M46*SIN(RADIANS($C$17)))*$B$17*1000 -> 62.226228 | Y46: =(L46*SIN(RADIANS($C$17))+M46*COS(RADIANS($C$17)))*$B$17*1000 -> 13.338768 | AA46: =(L46*COS(RADIANS($C$18))-M46*SIN(RADIANS($C$18)))*$B$18*1000 -> 52.676278 | AB46: =(L46*SIN(RADIANS($C$18))+M46*COS(RADIANS($C$18)))*$B$18*1000 -> 7.6766341 | AD46: =(L46*COS(RADIANS($C$19))-M46*SIN(RADIANS($C$19)))*$B$19*1000 -> 45.091824 | AE46: =(L46*SIN(RADIANS($C$19))+M46*COS(RADIANS($C$19)))*$B$19*1000 -> 4.4834556 | AG46: =(L46*COS(RADIANS($C$20))-M46*SIN(RADIANS($C$20)))*$B$20*1000 -> 39.180056 | AH46: =(L46*SIN(RADIANS($C$20))+M46*COS(RADIANS($C$20)))*$B$20*1000 -> 2.5952667 | AJ46: =(L46*COS(RADIANS($C$21))-M46*SIN(RADIANS($C$21)))*$B$21*1000 -> 34.527556 | AK46: =(L46*SIN(RADIANS($C$21))+M46*COS(RADIANS($C$21)))*$B$21*1000 -> 1.4275416 | AM46: =(L46*COS(RADIANS($C$22))-M46*SIN(RADIANS($C$22)))*$B$22*1000 -> 30.805023 | AN46: =(L46*SIN(RADIANS($C$22))+M46*COS(RADIANS($C$22)))*$B$22*1000 -> 0.67798337 | AP46: =(L46*COS(RADIANS($C$23))-M46*SIN(RADIANS($C$23)))*$B$23*1000 -> 27.77478 | AQ46: =(L46*SIN(RADIANS($C$23))+M46*COS(RADIANS($C$23)))*$B$23*1000 -> 0.18247408 | AS46: =(L46*COS(RADIANS($C$24))-M46*SIN(RADIANS($C$24)))*$B$24*1000 -> 27.77478 | AT46: =(L46*SIN(RADIANS($C$24))+M46*COS(RADIANS($C$24)))*$B$24*1000 -> 0.18247408 | AV46: =(L46*COS(RADIANS($C$25))-M46*SIN(RADIANS($C$25)))*$B$25*1000 -> 0 | AW46: =(L46*SIN(RADIANS($C$25))+M46*COS(RADIANS($C$25)))*$B$25*1000 -> 0 | AY46: =(L46*COS(RADIANS($C$26))-M46*SIN(RADIANS($C$26)))*$B$26*1000 -> 0 | AZ46: =(L46*SIN(RADIANS($C$26))+M46*COS(RADIANS($C$26)))*$B$26*1000 -> 0 | BB46: =(L46*COS(RADIANS($C$27))-M46*SIN(RADIANS($C$27)))*$B$27*1000 -> 0 | BC46: =(L46*SIN(RADIANS($C$27))+M46*COS(RADIANS($C$27)))*$B$27*1000 -> 0 | BE46: =(L46*COS(RADIANS($C$28))-M46*SIN(RADIANS($C$28)))*$B$28*1000 -> 0 | BF46: =(L46*SIN(RADIANS($C$28))+M46*COS(RADIANS($C$28)))*$B$28*1000 -> 0 | BH46: =(L46*COS(RADIANS($C$29))-M46*SIN(RADIANS($C$29)))*$B$29*1000 -> 0 | BI46: =(L46*SIN(RADIANS($C$29))+M46*COS(RADIANS($C$29)))*$B$29*1000 -> 0 | BK46: =(L46*COS(RADIANS($C$30))-M46*SIN(RADIANS($C$30)))*$B$30*1000 -> 0 | BL46: =(L46*SIN(RADIANS($C$30))+M46*COS(RADIANS($C$30)))*$B$30*1000 -> 0 | BN46: =(L46*COS(RADIANS($C$31))-M46*SIN(RADIANS($C$31)))*$B$31*1000 -> 0 | BO46: =(L46*SIN(RADIANS($C$31))+M46*COS(RADIANS($C$31)))*$B$31*1000 -> 0 | BQ46: =(L46*COS(RADIANS($C$32))-M46*SIN(RADIANS($C$32)))*$B$32*1000 -> 0 | BR46: =(L46*SIN(RADIANS($C$32))+M46*COS(RADIANS($C$32)))*$B$32*1000 -> 0 | BT46: =(L46*COS(RADIANS($C$33))-M46*SIN(RADIANS($C$33)))*$B$33*1000 -> 0 | BU46: =(L46*SIN(RADIANS($C$33))+M46*COS(RADIANS($C$33)))*$B$33*1000 -> 0
J47: 0.95 | K47: -0.009 | L47: =J47-(MIN($J$14:$J$48)+MAX($J$14:$J$48))/2 -> 0.45 | M47: =K47-(INDEX($K$14:$K$48,MATCH(MIN($J$14:$J$48),$J$14:$J$48,0))+INDEX($K$14:$K$48,MATCH(MAX($J$14:$J$48),$J$14:$J$48,0)))/2 -> -0.0098 | R47: =(L47*COS(RADIANS($C$15))-M47*SIN(RADIANS($C$15)))*$B$15*1000 -> 84.43157 | S47: =(L47*SIN(RADIANS($C$15))+M47*COS(RADIANS($C$15)))*$B$15*1000 -> 46.39755 | U47: =(L47*COS(RADIANS($C$16))-M47*SIN(RADIANS($C$16)))*$B$16*1000 -> 81.180912 | V47: =(L47*SIN(RADIANS($C$16))+M47*COS(RADIANS($C$16)))*$B$16*1000 -> 28.173278 | X47: =(L47*COS(RADIANS($C$17))-M47*SIN(RADIANS($C$17)))*$B$17*1000 -> 69.647051 | Y47: =(L47*SIN(RADIANS($C$17))+M47*COS(RADIANS($C$17)))*$B$17*1000 -> 16.389336 | AA47: =(L47*COS(RADIANS($C$18))-M47*SIN(RADIANS($C$18)))*$B$18*1000 -> 59.0393 | AB47: =(L47*SIN(RADIANS($C$18))+M47*COS(RADIANS($C$18)))*$B$18*1000 -> 9.8105353 | AD47: =(L47*COS(RADIANS($C$19))-M47*SIN(RADIANS($C$19)))*$B$19*1000 -> 50.585513 | AE47: =(L47*SIN(RADIANS($C$19))+M47*COS(RADIANS($C$19)))*$B$19*1000 -> 6.0510831 | AG47: =(L47*COS(RADIANS($C$20))-M47*SIN(RADIANS($C$20)))*$B$20*1000 -> 43.982663 | AH47: =(L47*SIN(RADIANS($C$20))+M47*COS(RADIANS($C$20)))*$B$20*1000 -> 3.7960398 | AJ47: =(L47*COS(RADIANS($C$21))-M47*SIN(RADIANS($C$21)))*$B$21*1000 -> 38.779148 | AK47: =(L47*SIN(RADIANS($C$21))+M47*COS(RADIANS($C$21)))*$B$21*1000 -> 2.3790886 | AM47: =(L47*COS(RADIANS($C$22))-M47*SIN(RADIANS($C$22)))*$B$22*1000 -> 34.611597 | AN47: =(L47*SIN(RADIANS($C$22))+M47*COS(RADIANS($C$22)))*$B$22*1000 -> 1.4530424 | AP47: =(L47*COS(RADIANS($C$23))-M47*SIN(RADIANS($C$23)))*$B$23*1000 -> 31.216525 | AQ47: =(L47*SIN(RADIANS($C$23))+M47*COS(RADIANS($C$23)))*$B$23*1000 -> 0.82809116 | AS47: =(L47*COS(RADIANS($C$24))-M47*SIN(RADIANS($C$24)))*$B$24*1000 -> 31.216525 | AT47: =(L47*SIN(RADIANS($C$24))+M47*COS(RADIANS($C$24)))*$B$24*1000 -> 0.82809116 | AV47: =(L47*COS(RADIANS($C$25))-M47*SIN(RADIANS($C$25)))*$B$25*1000 -> 0 | AW47: =(L47*SIN(RADIANS($C$25))+M47*COS(RADIANS($C$25)))*$B$25*1000 -> 0 | AY47: =(L47*COS(RADIANS($C$26))-M47*SIN(RADIANS($C$26)))*$B$26*1000 -> 0 | AZ47: =(L47*SIN(RADIANS($C$26))+M47*COS(RADIANS($C$26)))*$B$26*1000 -> 0 | BB47: =(L47*COS(RADIANS($C$27))-M47*SIN(RADIANS($C$27)))*$B$27*1000 -> 0 | BC47: =(L47*SIN(RADIANS($C$27))+M47*COS(RADIANS($C$27)))*$B$27*1000 -> 0 | BE47: =(L47*COS(RADIANS($C$28))-M47*SIN(RADIANS($C$28)))*$B$28*1000 -> 0 | BF47: =(L47*SIN(RADIANS($C$28))+M47*COS(RADIANS($C$28)))*$B$28*1000 -> 0 | BH47: =(L47*COS(RADIANS($C$29))-M47*SIN(RADIANS($C$29)))*$B$29*1000 -> 0 | BI47: =(L47*SIN(RADIANS($C$29))+M47*COS(RADIANS($C$29)))*$B$29*1000 -> 0 | BK47: =(L47*COS(RADIANS($C$30))-M47*SIN(RADIANS($C$30)))*$B$30*1000 -> 0 | BL47: =(L47*SIN(RADIANS($C$30))+M47*COS(RADIANS($C$30)))*$B$30*1000 -> 0 | BN47: =(L47*COS(RADIANS($C$31))-M47*SIN(RADIANS($C$31)))*$B$31*1000 -> 0 | BO47: =(L47*SIN(RADIANS($C$31))+M47*COS(RADIANS($C$31)))*$B$31*1000 -> 0 | BQ47: =(L47*COS(RADIANS($C$32))-M47*SIN(RADIANS($C$32)))*$B$32*1000 -> 0 | BR47: =(L47*SIN(RADIANS($C$32))+M47*COS(RADIANS($C$32)))*$B$32*1000 -> 0 | BT47: =(L47*COS(RADIANS($C$33))-M47*SIN(RADIANS($C$33)))*$B$33*1000 -> 0 | BU47: =(L47*SIN(RADIANS($C$33))+M47*COS(RADIANS($C$33)))*$B$33*1000 -> 0
J48: 1 | K48: -0.0016 | L48: =J48-(MIN($J$14:$J$48)+MAX($J$14:$J$48))/2 -> 0.5 | M48: =K48-(INDEX($K$14:$K$48,MATCH(MIN($J$14:$J$48),$J$14:$J$48,0))+INDEX($K$14:$K$48,MATCH(MAX($J$14:$J$48),$J$14:$J$48,0)))/2 -> -0.0024 | R48: =(L48*COS(RADIANS($C$15))-M48*SIN(RADIANS($C$15)))*$B$15*1000 -> 92.903348 | S48: =(L48*SIN(RADIANS($C$15))+M48*COS(RADIANS($C$15)))*$B$15*1000 -> 53.12576 | U48: =(L48*COS(RADIANS($C$16))-M48*SIN(RADIANS($C$16)))*$B$16*1000 -> 89.636464 | V48: =(L48*SIN(RADIANS($C$16))+M48*COS(RADIANS($C$16)))*$B$16*1000 -> 32.822761 | X48: =(L48*COS(RADIANS($C$17))-M48*SIN(RADIANS($C$17)))*$B$17*1000 -> 77.047988 | Y48: =(L48*SIN(RADIANS($C$17))+M48*COS(RADIANS($C$17)))*$B$17*1000 -> 19.516856 | AA48: =(L48*COS(RADIANS($C$18))-M48*SIN(RADIANS($C$18)))*$B$18*1000 -> 65.389999 | AB48: =(L48*SIN(RADIANS($C$18))+M48*COS(RADIANS($C$18)))*$B$18*1000 -> 12.009767 | AD48: =(L48*COS(RADIANS($C$19))-M48*SIN(RADIANS($C$19)))*$B$19*1000 -> 56.07126 | AE48: =(L48*SIN(RADIANS($C$19))+M48*COS(RADIANS($C$19)))*$B$19*1000 -> 7.6747437 | AG48: =(L48*COS(RADIANS($C$20))-M48*SIN(RADIANS($C$20)))*$B$20*1000 -> 48.77999 | AH48: =(L48*SIN(RADIANS($C$20))+M48*COS(RADIANS($C$20)))*$B$20*1000 -> 5.0455676 | AJ48: =(L48*COS(RADIANS($C$21))-M48*SIN(RADIANS($C$21)))*$B$21*1000 -> 43.027161 | AK48: =(L48*SIN(RADIANS($C$21))+M48*COS(RADIANS($C$21)))*$B$21*1000 -> 3.3736456 | AM48: =(L48*COS(RADIANS($C$22))-M48*SIN(RADIANS($C$22)))*$B$22*1000 -> 38.41572 | AN48: =(L48*SIN(RADIANS($C$22))+M48*COS(RADIANS($C$22)))*$B$22*1000 -> 2.2665054 | AP48: =(L48*COS(RADIANS($C$23))-M48*SIN(RADIANS($C$23)))*$B$23*1000 -> 34.656596 | AQ48: =(L48*SIN(RADIANS($C$23))+M48*COS(RADIANS($C$23)))*$B$23*1000 -> 1.5083568 | AS48: =(L48*COS(RADIANS($C$24))-M48*SIN(RADIANS($C$24)))*$B$24*1000 -> 34.656596 | AT48: =(L48*SIN(RADIANS($C$24))+M48*COS(RADIANS($C$24)))*$B$24*1000 -> 1.5083568 | AV48: =(L48*COS(RADIANS($C$25))-M48*SIN(RADIANS($C$25)))*$B$25*1000 -> 0 | AW48: =(L48*SIN(RADIANS($C$25))+M48*COS(RADIANS($C$25)))*$B$25*1000 -> 0 | AY48: =(L48*COS(RADIANS($C$26))-M48*SIN(RADIANS($C$26)))*$B$26*1000 -> 0 | AZ48: =(L48*SIN(RADIANS($C$26))+M48*COS(RADIANS($C$26)))*$B$26*1000 -> 0 | BB48: =(L48*COS(RADIANS($C$27))-M48*SIN(RADIANS($C$27)))*$B$27*1000 -> 0 | BC48: =(L48*SIN(RADIANS($C$27))+M48*COS(RADIANS($C$27)))*$B$27*1000 -> 0 | BE48: =(L48*COS(RADIANS($C$28))-M48*SIN(RADIANS($C$28)))*$B$28*1000 -> 0 | BF48: =(L48*SIN(RADIANS($C$28))+M48*COS(RADIANS($C$28)))*$B$28*1000 -> 0 | BH48: =(L48*COS(RADIANS($C$29))-M48*SIN(RADIANS($C$29)))*$B$29*1000 -> 0 | BI48: =(L48*SIN(RADIANS($C$29))+M48*COS(RADIANS($C$29)))*$B$29*1000 -> 0 | BK48: =(L48*COS(RADIANS($C$30))-M48*SIN(RADIANS($C$30)))*$B$30*1000 -> 0 | BL48: =(L48*SIN(RADIANS($C$30))+M48*COS(RADIANS($C$30)))*$B$30*1000 -> 0 | BN48: =(L48*COS(RADIANS($C$31))-M48*SIN(RADIANS($C$31)))*$B$31*1000 -> 0 | BO48: =(L48*SIN(RADIANS($C$31))+M48*COS(RADIANS($C$31)))*$B$31*1000 -> 0 | BQ48: =(L48*COS(RADIANS($C$32))-M48*SIN(RADIANS($C$32)))*$B$32*1000 -> 0 | BR48: =(L48*SIN(RADIANS($C$32))+M48*COS(RADIANS($C$32)))*$B$32*1000 -> 0 | BT48: =(L48*COS(RADIANS($C$33))-M48*SIN(RADIANS($C$33)))*$B$33*1000 -> 0 | BU48: =(L48*SIN(RADIANS($C$33))+M48*COS(RADIANS($C$33)))*$B$33*1000 -> 0

Sheet 2-Data to be Imported in Fusion
A1: The concatenation is done in this sheet. You need to add columns if you have more sections.
A3: Section 1 | B3: Section 2 | C3: Section 3 | D3: Section 4 | E3: Section 5 | F3: Section 6 | G3: Section 7 | H3: Section 8 | I3: Section 9 | J3: Section 10 | K3: Section 11 | L3: Section 12 | M3: Section 13 | N3: Section 14 | O3: Section 15 | P3: Section 16 | Q3: Section 17 | R3: Section 18 | S3: Section 19 | T3: Section 20
A4: =CONCATENATE('1-Blade sections'!O14,",",'1-Blade sections'!P14,",",'1-Blade sections'!$A$14*1000) -> 23,97072,-0,83712,30 | B4: =CONCATENATE('1-Blade sections'!R14,",",'1-Blade sections'!S14,",",'1-Blade sections'!$A$15*1000) -> 92,5604968161092,53,7186957094905,67,5 | C4: =CONCATENATE('1-Blade sections'!U14,",",'1-Blade sections'!V14,",",'1-Blade sections'!$A$16*1000) -> 89,4236493137445,33,3954123929072,112,5 | D4: =CONCATENATE('1-Blade sections'!X14,",",'1-Blade sections'!Y14,",",'1-Blade sections'!$A$17*1000) -> 76,9207165288909,20,009352555213,157,5 | E4: =CONCATENATE('1-Blade sections'!AA14,",",'1-Blade sections'!AB14,",",'1-Blade sections'!$A$18*1000) -> 65,3111294386667,12,4278848480991,202,5 | F4: =CONCATENATE('1-Blade sections'!AD14,",",'1-Blade sections'!AE14,",",'1-Blade sections'!$A$19*1000) -> 56,0204199422965,8,03335571979915,247,5 | G4: =CONCATENATE('1-Blade sections'!AG14,",",'1-Blade sections'!AH14,",",'1-Blade sections'!$A$20*1000) -> 48,7462001766637,5,35759731222435,292,5 | H4: =CONCATENATE('1-Blade sections'!AJ14,",",'1-Blade sections'!AK14,",",'1-Blade sections'!$A$21*1000) -> 43,0042479306838,3,64890948133393,337,5 | I4: =CONCATENATE('1-Blade sections'!AM14,",",'1-Blade sections'!AN14,",",'1-Blade sections'!$A$22*1000) -> 38,4000347336314,2,51229070983723,382,5 | J4: =CONCATENATE('1-Blade sections'!AP14,",",'1-Blade sections'!AQ14,",",'1-Blade sections'!$A$23*1000) -> 34,6458781991198,1,73010757442299,427,5 | K4: =CONCATENATE('1-Blade sections'!AS14,",",'1-Blade sections'!AT14,",",'1-Blade sections'!$A$24*1000) -> 34,6458781991198,1,73010757442299,450 | L4: =CONCATENATE('1-Blade sections'!AV14,",",'1-Blade sections'!AW14,",",'1-Blade sections'!$A$25*1000) -> 0,0,0 | M4: =CONCATENATE('1-Blade sections'!AY14,",",'1-Blade sections'!AZ14,",",'1-Blade sections'!$A$26*1000) -> 0,0,0 | N4: =CONCATENATE('1-Blade sections'!BB14,",",'1-Blade sections'!BC14,",",'1-Blade sections'!$A$27*1000) -> 0,0,0 | O4: =CONCATENATE('1-Blade sections'!BE14,",",'1-Blade sections'!BF14,",",'1-Blade sections'!$A$28*1000) -> 0,0,0 | P4: =CONCATENATE('1-Blade sections'!BH14,",",'1-Blade sections'!BI14,",",'1-Blade sections'!$A$29*1000) -> 0,0,0 | Q4: =CONCATENATE('1-Blade sections'!BK14,",",'1-Blade sections'!BL14,",",'1-Blade sections'!$A$30*1000) -> 0,0,0 | R4: =CONCATENATE('1-Blade sections'!BN14,",",'1-Blade sections'!BO14,",",'1-Blade sections'!$A$31*1000) -> 0,0,0 | S4: =CONCATENATE('1-Blade sections'!BQ14,",",'1-Blade sections'!BR14,",",'1-Blade sections'!$A$32*1000) -> 0,0,0 | T4: =CONCATENATE('1-Blade sections'!BT14,",",'1-Blade sections'!BU14,",",'1-Blade sections'!$A$33*1000) -> 0,0,0
A5: =CONCATENATE('1-Blade sections'!O15,",",'1-Blade sections'!P15,",",'1-Blade sections'!$A$14*1000) -> 23,5296,3,74208,30 | B5: =CONCATENATE('1-Blade sections'!R15,",",'1-Blade sections'!S15,",",'1-Blade sections'!$A$15*1000) -> 82,2673229945497,50,1404567555252,67,5 | C5: =CONCATENATE('1-Blade sections'!U15,",",'1-Blade sections'!V15,",",'1-Blade sections'!$A$16*1000) -> 79,8375208334392,31,7881430260089,112,5 | D5: =CONCATENATE('1-Blade sections'!X15,",",'1-Blade sections'!Y15,",",'1-Blade sections'!$A$17*1000) -> 68,8436474922414,19,498218367505,157,5 | E5: =CONCATENATE('1-Blade sections'!AA15,",",'1-Blade sections'!AB15,",",'1-Blade sections'!$A$18*1000) -> 58,5414363324516,12,4499015574815,202,5 | F5: =CONCATENATE('1-Blade sections'!AD15,",",'1-Blade sections'!AE15,",",'1-Blade sections'!$A$19*1000) -> 50,2645878635623,8,3148215420373,247,5 | G5: =CONCATENATE('1-Blade sections'!AG15,",",'1-Blade sections'!AH15,",",'1-Blade sections'!$A$20*1000) -> 43,7693672989942,5,76572755699813,292,5 | H5: =CONCATENATE('1-Blade sections'!AJ15,",",'1-Blade sections'!AK15,",",'1-Blade sections'!$A$21*1000) -> 38,6345125270758,4,11669167011544,337,5 | I5: =CONCATENATE('1-Blade sections'!AM15,",",'1-Blade sections'!AN15,",",'1-Blade sections'!$A$22*1000) -> 34,5125829130695,3,00456222865213,382,5 | J5: =CONCATENATE('1-Blade sections'!AP15,",",'1-Blade sections'!AQ15,",",'1-Blade sections'!$A$23*1000) -> 31,1488687702894,2,22789289348992,427,5 | K5: =CONCATENATE('1-Blade sections'!AS15,",",'1-Blade sections'!AT15,",",'1-Blade sections'!$A$24*1000) -> 31,1488687702894,2,22789289348992,450 | L5: =CONCATENATE('1-Blade sections'!AV15,",",'1-Blade sections'!AW15,",",'1-Blade sections'!$A$25*1000) -> 0,0,0 | M5: =CONCATENATE('1-Blade sections'!AY15,",",'1-Blade sections'!AZ15,",",'1-Blade sections'!$A$26*1000) -> 0,0,0 | N5: =CONCATENATE('1-Blade sections'!BB15,",",'1-Blade sections'!BC15,",",'1-Blade sections'!$A$27*1000) -> 0,0,0 | O5: =CONCATENATE('1-Blade sections'!BE15,",",'1-Blade sections'!BF15,",",'1-Blade sections'!$A$28*1000) -> 0,0,0 | P5: =CONCATENATE('1-Blade sections'!BH15,",",'1-Blade sections'!BI15,",",'1-Blade sections'!$A$29*1000) -> 0,0,0 | Q5: =CONCATENATE('1-Blade sections'!BK15,",",'1-Blade sections'!BL15,",",'1-Blade sections'!$A$30*1000) -> 0,0,0 | R5: =CONCATENATE('1-Blade sections'!BN15,",",'1-Blade sections'!BO15,",",'1-Blade sections'!$A$31*1000) -> 0,0,0 | S5: =CONCATENATE('1-Blade sections'!BQ15,",",'1-Blade sections'!BR15,",",'1-Blade sections'!$A$32*1000) -> 0,0,0 | T5: =CONCATENATE('1-Blade sections'!BT15,",",'1-Blade sections'!BU15,",",'1-Blade sections'!$A$33*1000) -> 0,0,0
A6: =CONCATENATE('1-Blade sections'!O16,",",'1-Blade sections'!P16,",",'1-Blade sections'!$A$14*1000) -> 22,22304,8,15328,30 | B6: =CONCATENATE('1-Blade sections'!R16,",",'1-Blade sections'!S16,",",'1-Blade sections'!$A$15*1000) -> 72,0170055424096,46,488100833916,67,5 | C6: =CONCATENATE('1-Blade sections'!U16,",",'1-Blade sections'!V16,",",'1-Blade sections'!$A$16*1000) -> 70,2779941526765,30,1092921767803,112,5 | D6: =CONCATENATE('1-Blade sections'!X16,",",'1-Blade sections'!Y16,",",'1-Blade sections'!$A$17*1000) -> 60,7824874383919,18,9255221522015,157,5 | E6: =CONCATENATE('1-Blade sections'!AA16,",",'1-Blade sections'!AB16,",",'1-Blade sections'!$A$18*1000) -> 51,781601910631,12,419653589418,202,5 | F6: =CONCATENATE('1-Blade sections'!AD16,",",'1-Blade sections'!AE16,",",'1-Blade sections'!$A$19*1000) -> 44,5151107469977,8,55146086038215,247,5 | G6: =CONCATENATE('1-Blade sections'!AG16,",",'1-Blade sections'!AH16,",",'1-Blade sections'!$A$20*1000) -> 38,7967580932258,6,13485408375554,292,5 | H6: =CONCATENATE('1-Blade sections'!AJ16,",",'1-Blade sections'!AK16,",",'1-Blade sections'!$A$21*1000) -> 34,2676411982836,4,55006587803269,337,5 | I6: =CONCATENATE('1-Blade sections'!AM16,",",'1-Blade sections'!AN16,",",'1-Blade sections'!$A$22*1000) -> 30,6270917680117,3,46611058259932,382,5 | J6: =CONCATENATE('1-Blade sections'!AP16,",",'1-Blade sections'!AQ16,",",'1-Blade sections'!$A$23*1000) -> 27,6531990773647,2,69795936642011,427,5 | K6: =CONCATENATE('1-Blade sections'!AS16,",",'1-Blade sections'!AT16,",",'1-Blade sections'!$A$24*1000) -> 27,6531990773647,2,69795936642011,450 | L6: =CONCATENATE('1-Blade sections'!AV16,",",'1-Blade sections'!AW16,",",'1-Blade sections'!$A$25*1000) -> 0,0,0 | M6: =CONCATENATE('1-Blade sections'!AY16,",",'1-Blade sections'!AZ16,",",'1-Blade sections'!$A$26*1000) -> 0,0,0 | N6: =CONCATENATE('1-Blade sections'!BB16,",",'1-Blade sections'!BC16,",",'1-Blade sections'!$A$27*1000) -> 0,0,0 | O6: =CONCATENATE('1-Blade sections'!BE16,",",'1-Blade sections'!BF16,",",'1-Blade sections'!$A$28*1000) -> 0,0,0 | P6: =CONCATENATE('1-Blade sections'!BH16,",",'1-Blade sections'!BI16,",",'1-Blade sections'!$A$29*1000) -> 0,0,0 | Q6: =CONCATENATE('1-Blade sections'!BK16,",",'1-Blade sections'!BL16,",",'1-Blade sections'!$A$30*1000) -> 0,0,0 | R6: =CONCATENATE('1-Blade sections'!BN16,",",'1-Blade sections'!BO16,",",'1-Blade sections'!$A$31*1000) -> 0,0,0 | S6: =CONCATENATE('1-Blade sections'!BQ16,",",'1-Blade sections'!BR16,",",'1-Blade sections'!$A$32*1000) -> 0,0,0 | T6: =CONCATENATE('1-Blade sections'!BT16,",",'1-Blade sections'!BU16,",",'1-Blade sections'!$A$33*1000) -> 0,0,0
A7: =CONCATENATE('1-Blade sections'!O17,",",'1-Blade sections'!P17,",",'1-Blade sections'!$A$14*1000) -> 20,09904,12,23424,30 | B7: =CONCATENATE('1-Blade sections'!R17,",",'1-Blade sections'!S17,",",'1-Blade sections'!$A$15*1000) -> 51,677082023452,38,9054503620327,67,5 | C7: =CONCATENATE('1-Blade sections'!U17,",",'1-Blade sections'!V17,",",'1-Blade sections'!$A$16*1000) -> 51,2586975394359,26,4831599195846,112,5 | D7: =CONCATENATE('1-Blade sections'!X17,",",'1-Blade sections'!Y17,",",'1-Blade sections'!$A$17*1000) -> 44,719826016193,17,5492721181109,157,5 | E7: =CONCATENATE('1-Blade sections'!AA17,",",'1-Blade sections'!AB17,",",'1-Blade sections'!$A$18*1000) -> 38,2989031334694,12,1631651128686,202,5 | F7: =CONCATENATE('1-Blade sections'!AD17,",",'1-Blade sections'!AE17,",",'1-Blade sections'!$A$19*1000) -> 33,0399876220045,8,85664010747193,247,5 | G7: =CONCATENATE('1-Blade sections'!AG17,",",'1-Blade sections'!AH17,",",'1-Blade sections'!$A$20*1000) -> 28,8673784513174,6,72684319470895,292,5 | H7: =CONCATENATE('1-Blade sections'!AJ17,",",'1-Blade sections'!AK17,",",'1-Blade sections'!$A$21*1000) -> 25,5446388212579,5,28778436562626,337,5 | I7: =CONCATENATE('1-Blade sections'!AM17,",",'1-Blade sections'!AN17,",",'1-Blade sections'!$A$22*1000) -> 22,8634620110363,4,27399542223977,382,5 | J7: =CONCATENATE('1-Blade sections'!AP17,",",'1-Blade sections'!AQ17,",",'1-Blade sections'!$A$23*1000) -> 20,6668837011618,3,53414663926768,427,5 | K7: =CONCATENATE('1-Blade sections'!AS17,",",'1-Blade sections'!AT17,",",'1-Blade sections'!$A$24*1000) -> 20,6668837011618,3,53414663926768,450 | L7: =CONCATENATE('1-Blade sections'!AV17,",",'1-Blade sections'!AW17,",",'1-Blade sections'!$A$25*1000) -> 0,0,0 | M7: =CONCATENATE('1-Blade sections'!AY17,",",'1-Blade sections'!AZ17,",",'1-Blade sections'!$A$26*1000) -> 0,0,0 | N7: =CONCATENATE('1-Blade sections'!BB17,",",'1-Blade sections'!BC17,",",'1-Blade sections'!$A$27*1000) -> 0,0,0 | O7: =CONCATENATE('1-Blade sections'!BE17,",",'1-Blade sections'!BF17,",",'1-Blade sections'!$A$28*1000) -> 0,0,0 | P7: =CONCATENATE('1-Blade sections'!BH17,",",'1-Blade sections'!BI17,",",'1-Blade sections'!$A$29*1000) -> 0,0,0 | Q7: =CONCATENATE('1-Blade sections'!BK17,",",'1-Blade sections'!BL17,",",'1-Blade sections'!$A$30*1000) -> 0,0,0 | R7: =CONCATENATE('1-Blade sections'!BN17,",",'1-Blade sections'!BO17,",",'1-Blade sections'!$A$31*1000) -> 0,0,0 | S7: =CONCATENATE('1-Blade sections'!BQ17,",",'1-Blade sections'!BR17,",",'1-Blade sections'!$A$32*1000) -> 0,0,0 | T7: =CONCATENATE('1-Blade sections'!BT17,",",'1-Blade sections'!BU17,",",'1-Blade sections'!$A$33*1000) -> 0,0,0
A8: =CONCATENATE('1-Blade sections'!O18,",",'1-Blade sections'!P18,",",'1-Blade sections'!$A$14*1000) -> 17,23488,15,83472,30 | B8: =CONCATENATE('1-Blade sections'!R18,",",'1-Blade sections'!S18,",",'1-Blade sections'!$A$15*1000) -> 31,5192980745266,31,0078027776626,67,5 | C8: =CONCATENATE('1-Blade sections'!U18,",",'1-Blade sections'!V18,",",'1-Blade sections'!$A$16*1000) -> 32,3524585742512,22,5528063624853,112,5 | D8: =CONCATENATE('1-Blade sections'!X18,",",'1-Blade sections'!Y18,",",'1-Blade sections'!$A$17*1000) -> 28,7247777708941,15,9113834667391,157,5 | E8: =CONCATENATE('1-Blade sections'!AA18,",",'1-Blade sections'!AB18,",",'1-Blade sections'!$A$18*1000) -> 24,8581037649847,11,6845517571738,202,5 | F8: =CONCATENATE('1-Blade sections'!AD18,",",'1-Blade sections'!AE18,",",'1-Blade sections'!$A$19*1000) -> 21,5918730862322,8,97130671301515,247,5 | G8: =CONCATENATE('1-Blade sections'!AG18,",",'1-Blade sections'!AH18,",",'1-Blade sections'!$A$20*1000) -> 18,955949414988,7,15306650409278,292,5 | H8: =CONCATENATE('1-Blade sections'!AJ18,",",'1-Blade sections'!AK18,",",'1-Blade sections'!$A$21*1000) -> 16,8338087621988,5,87926893454675,337,5 | I8: =CONCATENATE('1-Blade sections'!AM18,",",'1-Blade sections'!AN18,",",'1-Blade sections'!$A$22*1000) -> 15,1081651249533,4,95130681119245,382,5 | J8: =CONCATENATE('1-Blade sections'!AP18,",",'1-Blade sections'!AQ18,",",'1-Blade sections'!$A$23*1000) -> 13,6862622025582,4,25252881603409,427,5 | K8: =CONCATENATE('1-Blade sections'!AS18,",",'1-Blade sections'!AT18,",",'1-Blade sections'!$A$24*1000) -> 13,6862622025582,4,25252881603409,450 | L8: =CONCATENATE('1-Blade sections'!AV18,",",'1-Blade sections'!AW18,",",'1-Blade sections'!$A$25*1000) -> 0,0,0 | M8: =CONCATENATE('1-Blade sections'!AY18,",",'1-Blade sections'!AZ18,",",'1-Blade sections'!$A$26*1000) -> 0,0,0 | N8: =CONCATENATE('1-Blade sections'!BB18,",",'1-Blade sections'!BC18,",",'1-Blade sections'!$A$27*1000) -> 0,0,0 | O8: =CONCATENATE('1-Blade sections'!BE18,",",'1-Blade sections'!BF18,",",'1-Blade sections'!$A$28*1000) -> 0,0,0 | P8: =CONCATENATE('1-Blade sections'!BH18,",",'1-Blade sections'!BI18,",",'1-Blade sections'!$A$29*1000) -> 0,0,0 | Q8: =CONCATENATE('1-Blade sections'!BK18,",",'1-Blade sections'!BL18,",",'1-Blade sections'!$A$30*1000) -> 0,0,0 | R8: =CONCATENATE('1-Blade sections'!BN18,",",'1-Blade sections'!BO18,",",'1-Blade sections'!$A$31*1000) -> 0,0,0 | S8: =CONCATENATE('1-Blade sections'!BQ18,",",'1-Blade sections'!BR18,",",'1-Blade sections'!$A$32*1000) -> 0,0,0 | T8: =CONCATENATE('1-Blade sections'!BT18,",",'1-Blade sections'!BU18,",",'1-Blade sections'!$A$33*1000) -> 0,0,0
A9: =CONCATENATE('1-Blade sections'!O19,",",'1-Blade sections'!P19,",",'1-Blade sections'!$A$14*1000) -> 13,73664,18,82272,30 | B9: =CONCATENATE('1-Blade sections'!R19,",",'1-Blade sections'!S19,",",'1-Blade sections'!$A$15*1000) -> 11,5329396032787,22,8136873227167,67,5 | C9: =CONCATENATE('1-Blade sections'!U19,",",'1-Blade sections'!V19,",",'1-Blade sections'!$A$16*1000) -> 13,5526268072369,18,3361268760649,112,5 | D9: =CONCATENATE('1-Blade sections'!X19,",",'1-Blade sections'!Y19,",",'1-Blade sections'!$A$17*1000) -> 12,7933654567953,14,0272467049849,157,5 | E9: =CONCATENATE('1-Blade sections'!AA19,",",'1-Blade sections'!AB19,",",'1-Blade sections'!$A$18*1000) -> 11,4567391340783,10,9968796916952,202,5 | F9: =CONCATENATE('1-Blade sections'!AD19,",",'1-Blade sections'!AE19,",",'1-Blade sections'!$A$19*1000) -> 10,1691783991383,8,90666730298513,247,5 | G9: =CONCATENATE('1-Blade sections'!AG19,",",'1-Blade sections'!AH19,",",'1-Blade sections'!$A$20*1000) -> 9,06141506626249,7,42327494141113,292,5 | H9: =CONCATENATE('1-Blade sections'!AJ19,",",'1-Blade sections'!AK19,",",'1-Blade sections'!$A$21*1000) -> 8,13443500240255,6,33312158001024,337,5 | I9: =CONCATENATE('1-Blade sections'!AM19,",",'1-Blade sections'!AN19,",",'1-Blade sections'!$A$22*1000) -> 7,36071094088661,5,50572554067429,382,5 | J9: =CONCATENATE('1-Blade sections'!AP19,",",'1-Blade sections'!AQ19,",",'1-Blade sections'!$A$23*1000) -> 6,71099964757752,4,86003560825352,427,5 | K9: =CONCATENATE('1-Blade sections'!AS19,",",'1-Blade sections'!AT19,",",'1-Blade sections'!$A$24*1000) -> 6,71099964757752,4,86003560825352,450 | L9: =CONCATENATE('1-Blade sections'!AV19,",",'1-Blade sections'!AW19,",",'1-Blade sections'!$A$25*1000) -> 0,0,0 | M9: =CONCATENATE('1-Blade sections'!AY19,",",'1-Blade sections'!AZ19,",",'1-Blade sections'!$A$26*1000) -> 0,0,0 | N9: =CONCATENATE('1-Blade sections'!BB19,",",'1-Blade sections'!BC19,",",'1-Blade sections'!$A$27*1000) -> 0,0,0 | O9: =CONCATENATE('1-Blade sections'!BE19,",",'1-Blade sections'!BF19,",",'1-Blade sections'!$A$28*1000) -> 0,0,0 | P9: =CONCATENATE('1-Blade sections'!BH19,",",'1-Blade sections'!BI19,",",'1-Blade sections'!$A$29*1000) -> 0,0,0 | Q9: =CONCATENATE('1-Blade sections'!BK19,",",'1-Blade sections'!BL19,",",'1-Blade sections'!$A$30*1000) -> 0,0,0 | R9: =CONCATENATE('1-Blade sections'!BN19,",",'1-Blade sections'!BO19,",",'1-Blade sections'!$A$31*1000) -> 0,0,0 | S9: =CONCATENATE('1-Blade sections'!BQ19,",",'1-Blade sections'!BR19,",",'1-Blade sections'!$A$32*1000) -> 0,0,0 | T9: =CONCATENATE('1-Blade sections'!BT19,",",'1-Blade sections'!BU19,",",'1-Blade sections'!$A$33*1000) -> 0,0,0
A10: =CONCATENATE('1-Blade sections'!O20,",",'1-Blade sections'!P20,",",'1-Blade sections'!$A$14*1000) -> 9,73248,21,08784,30 | B10: =CONCATENATE('1-Blade sections'!R20,",",'1-Blade sections'!S20,",",'1-Blade sections'!$A$15*1000) -> -8,20699474380783,14,193399303818,67,5 | C10: =CONCATENATE('1-Blade sections'!U20,",",'1-Blade sections'!V20,",",'1-Blade sections'!$A$16*1000) -> -5,09424461240739,13,7078538662455,112,5 | D10: =CONCATENATE('1-Blade sections'!X20,",",'1-Blade sections'!Y20,",",'1-Blade sections'!$A$17*1000) -> -3,04657020620334,11,789128284556,157,5 | E10: =CONCATENATE('1-Blade sections'!AA20,",",'1-Blade sections'!AB20,",",'1-Blade sections'!$A$18*1000) -> -1,88793806155934,10,0086857309022,202,5 | F10: =CONCATENATE('1-Blade sections'!AD20,",",'1-Blade sections'!AE20,",",'1-Blade sections'!$A$19*1000) -> -1,21697525548032,8,58427549556859,247,5 | G10: =CONCATENATE('1-Blade sections'!AG20,",",'1-Blade sections'!AH20,",",'1-Blade sections'!$A$20*1000) -> -0,808833169032554,7,46921200013533,292,5 | H10: =CONCATENATE('1-Blade sections'!AJ20,",",'1-Blade sections'!AK20,",",'1-Blade sections'!$A$21*1000) -> -0,548470327203551,6,58912833550428,337,5 | I10: =CONCATENATE('1-Blade sections'!AM20,",",'1-Blade sections'!AN20,",",'1-Blade sections'!$A$22*1000) -> -0,375469359031597,5,88348607216678,382,5 | J10: =CONCATENATE('1-Blade sections'!AP20,",",'1-Blade sections'!AQ20,",",'1-Blade sections'!$A$23*1000) -> -0,256559425945304,5,30815903518666,427,5 | K10: =CONCATENATE('1-Blade sections'!AS20,",",'1-Blade sections'!AT20,",",'1-Blade sections'!$A$24*1000) -> -0,256559425945304,5,30815903518666,450 | L10: =CONCATENATE('1-Blade sections'!AV20,",",'1-Blade sections'!AW20,",",'1-Blade sections'!$A$25*1000) -> 0,0,0 | M10: =CONCATENATE('1-Blade sections'!AY20,",",'1-Blade sections'!AZ20,",",'1-Blade sections'!$A$26*1000) -> 0,0,0 | N10: =CONCATENATE('1-Blade sections'!BB20,",",'1-Blade sections'!BC20,",",'1-Blade sections'!$A$27*1000) -> 0,0,0 | O10: =CONCATENATE('1-Blade sections'!BE20,",",'1-Blade sections'!BF20,",",'1-Blade sections'!$A$28*1000) -> 0,0,0 | P10: =CONCATENATE('1-Blade sections'!BH20,",",'1-Blade sections'!BI20,",",'1-Blade sections'!$A$29*1000) -> 0,0,0 | Q10: =CONCATENATE('1-Blade sections'!BK20,",",'1-Blade sections'!BL20,",",'1-Blade sections'!$A$30*1000) -> 0,0,0 | R10: =CONCATENATE('1-Blade sections'!BN20,",",'1-Blade sections'!BO20,",",'1-Blade sections'!$A$31*1000) -> 0,0,0 | S10: =CONCATENATE('1-Blade sections'!BQ20,",",'1-Blade sections'!BR20,",",'1-Blade sections'!$A$32*1000) -> 0,0,0 | T10: =CONCATENATE('1-Blade sections'!BT20,",",'1-Blade sections'!BU20,",",'1-Blade sections'!$A$33*1000) -> 0,0,0
A11: =CONCATENATE('1-Blade sections'!O21,",",'1-Blade sections'!P21,",",'1-Blade sections'!$A$14*1000) -> 5,36976,22,548,30 | B11: =CONCATENATE('1-Blade sections'!R21,",",'1-Blade sections'!S21,",",'1-Blade sections'!$A$15*1000) -> -27,6469345049589,5,05429251141164,67,5 | C11: =CONCATENATE('1-Blade sections'!U21,",",'1-Blade sections'!V21,",",'1-Blade sections'!$A$16*1000) -> -23,5549034352535,8,57851048011429,112,5 | D11: =CONCATENATE('1-Blade sections'!X21,",",'1-Blade sections'!Y21,",",'1-Blade sections'!$A$17*1000) -> -18,7751429896019,9,12007567095801,157,5 | E11: =CONCATENATE('1-Blade sections'!AA21,",",'1-Blade sections'!AB21,",",'1-Blade sections'!$A$18*1000) -> -15,163604466435,8,65463902798755,202,5 | F11: =CONCATENATE('1-Blade sections'!AD21,",",'1-Blade sections'!AE21,",",'1-Blade sections'!$A$19*1000) -> -12,5586441749117,7,94809816089889,247,5 | G11: =CONCATENATE('1-Blade sections'!AG21,",",'1-Blade sections'!AH21,",",'1-Blade sections'!$A$20*1000) -> -10,6495157010209,7,24212303274492,292,5 | H11: =CONCATENATE('1-Blade sections'!AJ21,",",'1-Blade sections'!AK21,",",'1-Blade sections'!$A$21*1000) -> -9,21132713309987,6,60427922494855,337,5 | I11: =CONCATENATE('1-Blade sections'!AM21,",",'1-Blade sections'!AN21,",",'1-Blade sections'!$A$22*1000) -> -8,09792493042124,6,04618444958529,382,5 | J11: =CONCATENATE('1-Blade sections'!AP21,",",'1-Blade sections'!AQ21,",",'1-Blade sections'!$A$23*1000) -> -7,21474034812809,5,56225053916259,427,5 | K11: =CONCATENATE('1-Blade sections'!AS21,",",'1-Blade sections'!AT21,",",'1-Blade sections'!$A$24*1000) -> -7,21474034812809,5,56225053916259,450 | L11: =CONCATENATE('1-Blade sections'!AV21,",",'1-Blade sections'!AW21,",",'1-Blade sections'!$A$25*1000) -> 0,0,0 | M11: =CONCATENATE('1-Blade sections'!AY21,",",'1-Blade sections'!AZ21,",",'1-Blade sections'!$A$26*1000) -> 0,0,0 | N11: =CONCATENATE('1-Blade sections'!BB21,",",'1-Blade sections'!BC21,",",'1-Blade sections'!$A$27*1000) -> 0,0,0 | O11: =CONCATENATE('1-Blade sections'!BE21,",",'1-Blade sections'!BF21,",",'1-Blade sections'!$A$28*1000) -> 0,0,0 | P11: =CONCATENATE('1-Blade sections'!BH21,",",'1-Blade sections'!BI21,",",'1-Blade sections'!$A$29*1000) -> 0,0,0 | Q11: =CONCATENATE('1-Blade sections'!BK21,",",'1-Blade sections'!BL21,",",'1-Blade sections'!$A$30*1000) -> 0,0,0 | R11: =CONCATENATE('1-Blade sections'!BN21,",",'1-Blade sections'!BO21,",",'1-Blade sections'!$A$31*1000) -> 0,0,0 | S11: =CONCATENATE('1-Blade sections'!BQ21,",",'1-Blade sections'!BR21,",",'1-Blade sections'!$A$32*1000) -> 0,0,0 | T11: =CONCATENATE('1-Blade sections'!BT21,",",'1-Blade sections'!BU21,",",'1-Blade sections'!$A$33*1000) -> 0,0,0
A12: =CONCATENATE('1-Blade sections'!O22,",",'1-Blade sections'!P22,",",'1-Blade sections'!$A$14*1000) -> 0,808319999999998,23,14848,30 | B12: =CONCATENATE('1-Blade sections'!R22,",",'1-Blade sections'!S22,",",'1-Blade sections'!$A$15*1000) -> -46,6690246642711,-4,80745471552335,67,5 | C12: =CONCATENATE('1-Blade sections'!U22,",",'1-Blade sections'!V22,",",'1-Blade sections'!$A$16*1000) -> -41,7561947125594,2,75124764126298,112,5 | D12: =CONCATENATE('1-Blade sections'!X22,",",'1-Blade sections'!Y22,",",'1-Blade sections'!$A$17*1000) -> -34,3486031907003,5,85079328830297,157,5 | E12: =CONCATENATE('1-Blade sections'!AA22,",",'1-Blade sections'!AB22,",",'1-Blade sections'!$A$18*1000) -> -28,3431486984637,6,79101171997471,202,5 | F12: =CONCATENATE('1-Blade sections'!AD22,",",'1-Blade sections'!AE22,",",'1-Blade sections'!$A$19*1000) -> -23,8383522131893,6,87486241326943,247,5 | G12: =CONCATENATE('1-Blade sections'!AG22,",",'1-Blade sections'!AH22,",",'1-Blade sections'!$A$20*1000) -> -20,449017431975,6,63474781469488,292,5 | H12: =CONCATENATE('1-Blade sections'!AJ22,",",'1-Blade sections'!AK22,",",'1-Blade sections'!$A$21*1000) -> -17,8462592095433,6,28395230096636,337,5 | I12: =CONCATENATE('1-Blade sections'!AM22,",",'1-Blade sections'!AN22,",",'1-Blade sections'!$A$22*1000) -> -15,8012639156461,5,90933196954361,382,5 | J12: =CONCATENATE('1-Blade sections'!AP22,",",'1-Blade sections'!AQ22,",",'1-Blade sections'!$A$23*1000) -> -14,1598588452301,5,54608329330526,427,5 | K12: =CONCATENATE('1-Blade sections'!AS22,",",'1-Blade sections'!AT22,",",'1-Blade sections'!$A$24*1000) -> -14,1598588452301,5,54608329330526,450 | L12: =CONCATENATE('1-Blade sections'!AV22,",",'1-Blade sections'!AW22,",",'1-Blade sections'!$A$25*1000) -> 0,0,0 | M12: =CONCATENATE('1-Blade sections'!AY22,",",'1-Blade sections'!AZ22,",",'1-Blade sections'!$A$26*1000) -> 0,0,0 | N12: =CONCATENATE('1-Blade sections'!BB22,",",'1-Blade sections'!BC22,",",'1-Blade sections'!$A$27*1000) -> 0,0,0 | O12: =CONCATENATE('1-Blade sections'!BE22,",",'1-Blade sections'!BF22,",",'1-Blade sections'!$A$28*1000) -> 0,0,0 | P12: =CONCATENATE('1-Blade sections'!BH22,",",'1-Blade sections'!BI22,",",'1-Blade sections'!$A$29*1000) -> 0,0,0 | Q12: =CONCATENATE('1-Blade sections'!BK22,",",'1-Blade sections'!BL22,",",'1-Blade sections'!$A$30*1000) -> 0,0,0 | R12: =CONCATENATE('1-Blade sections'!BN22,",",'1-Blade sections'!BO22,",",'1-Blade sections'!$A$31*1000) -> 0,0,0 | S12: =CONCATENATE('1-Blade sections'!BQ22,",",'1-Blade sections'!BR22,",",'1-Blade sections'!$A$32*1000) -> 0,0,0 | T12: =CONCATENATE('1-Blade sections'!BT22,",",'1-Blade sections'!BU22,",",'1-Blade sections'!$A$33*1000) -> 0,0,0
A13: =CONCATENATE('1-Blade sections'!O23,",",'1-Blade sections'!P23,",",'1-Blade sections'!$A$14*1000) -> -3,78384,22,8672,30 | B13: =CONCATENATE('1-Blade sections'!R23,",",'1-Blade sections'!S23,",",'1-Blade sections'!$A$15*1000) -> -55,9657878968304,-10,1089131672106,67,5 | C13: =CONCATENATE('1-Blade sections'!U23,",",'1-Blade sections'!V23,",",'1-Blade sections'!$A$16*1000) -> -50,7238313534993,-0,520291189813984,112,5 | D13: =CONCATENATE('1-Blade sections'!X23,",",'1-Blade sections'!Y23,",",'1-Blade sections'!$A$17*1000) -> -42,0557883772494,3,90834195899749,157,5 | E13: =CONCATENATE('1-Blade sections'!AA23,",",'1-Blade sections'!AB23,",",'1-Blade sections'!$A$18*1000) -> -34,8836273925052,5,59787467873847,202,5 | F13: =CONCATENATE('1-Blade sections'!AD23,",",'1-Blade sections'!AE23,",",'1-Blade sections'!$A$19*1000) -> -29,4464314214801,6,11411201998816,247,5 | G13: =CONCATENATE('1-Blade sections'!AG23,",",'1-Blade sections'!AH23,",",'1-Blade sections'!$A$20*1000) -> -25,3276499379473,6,136041615588,292,5 | H13: =CONCATENATE('1-Blade sections'!AJ23,",",'1-Blade sections'!AK23,",",'1-Blade sections'!$A$21*1000) -> -22,1494048736865,5,95174893465401,337,5 | I13: =CONCATENATE('1-Blade sections'!AM23,",",'1-Blade sections'!AN23,",",'1-Blade sections'!$A$22*1000) -> -19,6431300307381,5,68728990518422,382,5 | J13: =CONCATENATE('1-Blade sections'!AP23,",",'1-Blade sections'!AQ23,",",'1-Blade sections'!$A$23*1000) -> -17,6257194142525,5,39940543969287,427,5 | K13: =CONCATENATE('1-Blade sections'!AS23,",",'1-Blade sections'!AT23,",",'1-Blade sections'!$A$24*1000) -> -17,6257194142525,5,39940543969287,450 | L13: =CONCATENATE('1-Blade sections'!AV23,",",'1-Blade sections'!AW23,",",'1-Blade sections'!$A$25*1000) -> 0,0,0 | M13: =CONCATENATE('1-Blade sections'!AY23,",",'1-Blade sections'!AZ23,",",'1-Blade sections'!$A$26*1000) -> 0,0,0 | N13: =CONCATENATE('1-Blade sections'!BB23,",",'1-Blade sections'!BC23,",",'1-Blade sections'!$A$27*1000) -> 0,0,0 | O13: =CONCATENATE('1-Blade sections'!BE23,",",'1-Blade sections'!BF23,",",'1-Blade sections'!$A$28*1000) -> 0,0,0 | P13: =CONCATENATE('1-Blade sections'!BH23,",",'1-Blade sections'!BI23,",",'1-Blade sections'!$A$29*1000) -> 0,0,0 | Q13: =CONCATENATE('1-Blade sections'!BK23,",",'1-Blade sections'!BL23,",",'1-Blade sections'!$A$30*1000) -> 0,0,0 | R13: =CONCATENATE('1-Blade sections'!BN23,",",'1-Blade sections'!BO23,",",'1-Blade sections'!$A$31*1000) -> 0,0,0 | S13: =CONCATENATE('1-Blade sections'!BQ23,",",'1-Blade sections'!BR23,",",'1-Blade sections'!$A$32*1000) -> 0,0,0 | T13: =CONCATENATE('1-Blade sections'!BT23,",",'1-Blade sections'!BU23,",",'1-Blade sections'!$A$33*1000) -> 0,0,0
A14: =CONCATENATE('1-Blade sections'!O24,",",'1-Blade sections'!P24,",",'1-Blade sections'!$A$14*1000) -> -8,23776,21,71568,30 | B14: =CONCATENATE('1-Blade sections'!R24,",",'1-Blade sections'!S24,",",'1-Blade sections'!$A$15*1000) -> -65,0589833746478,-15,7624272152067,67,5 | C14: =CONCATENATE('1-Blade sections'!U24,",",'1-Blade sections'!V24,",",'1-Blade sections'!$A$16*1000) -> -59,5651094466118,-4,13184206195971,112,5 | D14: =CONCATENATE('1-Blade sections'!X24,",",'1-Blade sections'!Y24,",",'1-Blade sections'!$A$17*1000) -> -49,6874058954984,1,67347099861294,157,5 | E14: =CONCATENATE('1-Blade sections'!AA24,",",'1-Blade sections'!AB24,",",'1-Blade sections'!$A$18*1000) -> -41,3772773356725,4,15648041963389,202,5 | F14: =CONCATENATE('1-Blade sections'!AD24,",",'1-Blade sections'!AE24,",",'1-Blade sections'!$A$19*1000) -> -35,0243245594652,5,14043573321367,247,5 | G14: =CONCATENATE('1-Blade sections'!AG24,",",'1-Blade sections'!AH24,",",'1-Blade sections'!$A$20*1000) -> -30,18622000239,5,45206775590335,292,5 | H14: =CONCATENATE('1-Blade sections'!AJ24,",",'1-Blade sections'!AK24,",",'1-Blade sections'!$A$21*1000) -> -26,4389461824553,5,45610765923646,337,5 | I14: =CONCATENATE('1-Blade sections'!AM24,",",'1-Blade sections'!AN24,",",'1-Blade sections'!$A$22*1000) -> -23,4756829371857,5,31931280770319,382,5 | J14: =CONCATENATE('1-Blade sections'!AP24,",",'1-Blade sections'!AQ24,",",'1-Blade sections'!$A$23*1000) -> -21,0852162377228,5,12106306693094,427,5 | K14: =CONCATENATE('1-Blade sections'!AS24,",",'1-Blade sections'!AT24,",",'1-Blade sections'!$A$24*1000) -> -21,0852162377228,5,12106306693094,450 | L14: =CONCATENATE('1-Blade sections'!AV24,",",'1-Blade sections'!AW24,",",'1-Blade sections'!$A$25*1000) -> 0,0,0 | M14: =CONCATENATE('1-Blade sections'!AY24,",",'1-Blade sections'!AZ24,",",'1-Blade sections'!$A$26*1000) -> 0,0,0 | N14: =CONCATENATE('1-Blade sections'!BB24,",",'1-Blade sections'!BC24,",",'1-Blade sections'!$A$27*1000) -> 0,0,0 | O14: =CONCATENATE('1-Blade sections'!BE24,",",'1-Blade sections'!BF24,",",'1-Blade sections'!$A$28*1000) -> 0,0,0 | P14: =CONCATENATE('1-Blade sections'!BH24,",",'1-Blade sections'!BI24,",",'1-Blade sections'!$A$29*1000) -> 0,0,0 | Q14: =CONCATENATE('1-Blade sections'!BK24,",",'1-Blade sections'!BL24,",",'1-Blade sections'!$A$30*1000) -> 0,0,0 | R14: =CONCATENATE('1-Blade sections'!BN24,",",'1-Blade sections'!BO24,",",'1-Blade sections'!$A$31*1000) -> 0,0,0 | S14: =CONCATENATE('1-Blade sections'!BQ24,",",'1-Blade sections'!BR24,",",'1-Blade sections'!$A$32*1000) -> 0,0,0 | T14: =CONCATENATE('1-Blade sections'!BT24,",",'1-Blade sections'!BU24,",",'1-Blade sections'!$A$33*1000) -> 0,0,0
A15: =CONCATENATE('1-Blade sections'!O25,",",'1-Blade sections'!P25,",",'1-Blade sections'!$A$14*1000) -> -12,39024,19,73472,30 | B15: =CONCATENATE('1-Blade sections'!R25,",",'1-Blade sections'!S25,",",'1-Blade sections'!$A$15*1000) -> -73,895040635949,-21,8606430690666,67,5 | C15: =CONCATENATE('1-Blade sections'!U25,",",'1-Blade sections'!V25,",",'1-Blade sections'!$A$16*1000) -> -68,2467767424689,-8,17288182808702,112,5 | D15: =CONCATENATE('1-Blade sections'!X25,",",'1-Blade sections'!Y25,",",'1-Blade sections'!$A$17*1000) -> -57,2235695169473,-0,930772127345165,157,5 | E15: =CONCATENATE('1-Blade sections'!AA25,",",'1-Blade sections'!AB25,",",'1-Blade sections'!$A$18*1000) -> -47,8117751724725,2,40149809585353,202,5 | F15: =CONCATENATE('1-Blade sections'!AD25,",",'1-Blade sections'!AE25,",",'1-Blade sections'!$A$19*1000) -> -40,5640879244327,3,89780042307934,247,5 | G15: =CONCATENATE('1-Blade sections'!AG25,",",'1-Blade sections'!AH25,",",'1-Blade sections'!$A$20*1000) -> -35,019448035427,4,53407158812046,292,5 | H15: =CONCATENATE('1-Blade sections'!AJ25,",",'1-Blade sections'!AK25,",",'1-Blade sections'!$A$21*1000) -> -30,71130304233,4,7540184986334,337,5 | I15: =CONCATENATE('1-Blade sections'!AM25,",",'1-Blade sections'!AN25,",",'1-Blade sections'!$A$22*1000) -> -27,2964717906089,4,76699672101589,382,5 | J15: =CONCATENATE('1-Blade sections'!AP25,",",'1-Blade sections'!AQ25,",",'1-Blade sections'!$A$23*1000) -> -24,5366746457587,4,67640761734854,427,5 | K15: =CONCATENATE('1-Blade sections'!AS25,",",'1-Blade sections'!AT25,",",'1-Blade sections'!$A$24*1000) -> -24,5366746457587,4,67640761734854,450 | L15: =CONCATENATE('1-Blade sections'!AV25,",",'1-Blade sections'!AW25,",",'1-Blade sections'!$A$25*1000) -> 0,0,0 | M15: =CONCATENATE('1-Blade sections'!AY25,",",'1-Blade sections'!AZ25,",",'1-Blade sections'!$A$26*1000) -> 0,0,0 | N15: =CONCATENATE('1-Blade sections'!BB25,",",'1-Blade sections'!BC25,",",'1-Blade sections'!$A$27*1000) -> 0,0,0 | O15: =CONCATENATE('1-Blade sections'!BE25,",",'1-Blade sections'!BF25,",",'1-Blade sections'!$A$28*1000) -> 0,0,0 | P15: =CONCATENATE('1-Blade sections'!BH25,",",'1-Blade sections'!BI25,",",'1-Blade sections'!$A$29*1000) -> 0,0,0 | Q15: =CONCATENATE('1-Blade sections'!BK25,",",'1-Blade sections'!BL25,",",'1-Blade sections'!$A$30*1000) -> 0,0,0 | R15: =CONCATENATE('1-Blade sections'!BN25,",",'1-Blade sections'!BO25,",",'1-Blade sections'!$A$31*1000) -> 0,0,0 | S15: =CONCATENATE('1-Blade sections'!BQ25,",",'1-Blade sections'!BR25,",",'1-Blade sections'!$A$32*1000) -> 0,0,0 | T15: =CONCATENATE('1-Blade sections'!BT25,",",'1-Blade sections'!BU25,",",'1-Blade sections'!$A$33*1000) -> 0,0,0
... A36: =CONCATENATE('1-Blade sections'!O46,",",'1-Blade sections'!P46,",",'1-Blade sections'!$A$14*1000) -> 23,73696,-4,17744,30 | B36: =CONCATENATE('1-Blade sections'!R46,",",'1-Blade sections'!S46,",",'1-Blade sections'!$A$15*1000) -> 75,9062210672167,39,7619860202268,67,5 | C36: =CONCATENATE('1-Blade sections'!U46,",",'1-Blade sections'!V46,",",'1-Blade sections'!$A$16*1000) -> 72,6921074611672,23,6132726553088,112,5 | D36: =CONCATENATE('1-Blade sections'!X46,",",'1-Blade sections'!Y46,",",'1-Blade sections'!$A$17*1000) -> 62,2262276274935,13,3387681479014,157,5 | E36: =CONCATENATE('1-Blade sections'!AA46,",",'1-Blade sections'!AB46,",",'1-Blade sections'!$A$18*1000) -> 52,6762775194378,7,67663411119671,202,5 | F36: =CONCATENATE('1-Blade sections'!AD46,",",'1-Blade sections'!AE46,",",'1-Blade sections'!$A$19*1000) -> 45,0918235638898,4,4834556320644,247,5 | G36: =CONCATENATE('1-Blade sections'!AG46,",",'1-Blade sections'!AH46,",",'1-Blade sections'!$A$20*1000) -> 39,1800563182373,2,59526667376974,292,5 | H36: =CONCATENATE('1-Blade sections'!AJ46,",",'1-Blade sections'!AK46,",",'1-Blade sections'!$A$21*1000) -> 34,5275559878069,1,42754161460181,337,5 | I36: =CONCATENATE('1-Blade sections'!AM46,",",'1-Blade sections'!AN46,",",'1-Blade sections'!$A$22*1000) -> 30,805023070007,0,677983370854487,382,5 | J36: =CONCATENATE('1-Blade sections'!AP46,",",'1-Blade sections'!AQ46,",",'1-Blade sections'!$A$23*1000) -> 27,7747801108088,0,1824740795105,427,5 | K36: =CONCATENATE('1-Blade sections'!AS46,",",'1-Blade sections'!AT46,",",'1-Blade sections'!$A$24*1000) -> 27,7747801108088,0,1824740795105,450 | L36: =CONCATENATE('1-Blade sections'!AV46,",",'1-Blade sections'!AW46,",",'1-Blade sections'!$A$25*1000) -> 0,0,0 | M36: =CONCATENATE('1-Blade sections'!AY46,",",'1-Blade sections'!AZ46,",",'1-Blade sections'!$A$26*1000) -> 0,0,0 | N36: =CONCATENATE('1-Blade sections'!BB46,",",'1-Blade sections'!BC46,",",'1-Blade sections'!$A$27*1000) -> 0,0,0 | O36: =CONCATENATE('1-Blade sections'!BE46,",",'1-Blade sections'!BF46,",",'1-Blade sections'!$A$28*1000) -> 0,0,0 | P36: =CONCATENATE('1-Blade sections'!BH46,",",'1-Blade sections'!BI46,",",'1-Blade sections'!$A$29*1000) -> 0,0,0 | Q36: =CONCATENATE('1-Blade sections'!BK46,",",'1-Blade sections'!BL46,",",'1-Blade sections'!$A$30*1000) -> 0,0,0 | R36: =CONCATENATE('1-Blade sections'!BN46,",",'1-Blade sections'!BO46,",",'1-Blade sections'!$A$31*1000) -> 0,0,0 | S36: =CONCATENATE('1-Blade sections'!BQ46,",",'1-Blade sections'!BR46,",",'1-Blade sections'!$A$32*1000) -> 0,0,0 | T36: =CONCATENATE('1-Blade sections'!BT46,",",'1-Blade sections'!BU46,",",'1-Blade sections'!$A$33*1000) -> 0,0,0
B37: =CONCATENATE('1-Blade sections'!R47,",",'1-Blade sections'!S47,",",'1-Blade sections'!$A$15*1000) -> 84,4315696502275,46,3975498895053,67,5 | C37: =CONCATENATE('1-Blade sections'!U47,",",'1-Blade sections'!V47,",",'1-Blade sections'!$A$16*1000) -> 81,1809117103404,28,1732781683305,112,5 | D37: =CONCATENATE('1-Blade sections'!X47,",",'1-Blade sections'!Y47,",",'1-Blade sections'!$A$17*1000) -> 69,6470511236423,16,3893359739276,157,5 | E37: =CONCATENATE('1-Blade sections'!AA47,",",'1-Blade sections'!AB47,",",'1-Blade sections'!$A$18*1000) -> 59,0392998943771,9,81053534646032,202,5 | F37: =CONCATENATE('1-Blade sections'!AD47,",",'1-Blade sections'!AE47,",",'1-Blade sections'!$A$19*1000) -> 50,5855134531276,6,05108309542522,247,5 | G37: =CONCATENATE('1-Blade sections'!AG47,",",'1-Blade sections'!AH47,",",'1-Blade sections'!$A$20*1000) -> 43,9826627299924,3,79603979717132,292,5 | H37: =CONCATENATE('1-Blade sections'!AJ47,",",'1-Blade sections'!AK47,",",'1-Blade sections'!$A$21*1000) -> 38,7791483052679,2,37908863647071,337,5 | I37: =CONCATENATE('1-Blade sections'!AM47,",",'1-Blade sections'!AN47,",",'1-Blade sections'!$A$22*1000) -> 34,6115970260256,1,45304240283269,382,5 | J37: =CONCATENATE('1-Blade sections'!AP47,",",'1-Blade sections'!AQ47,",",'1-Blade sections'!$A$23*1000) -> 31,2165254335282,0,828091163584301,427,5 | K37: =CONCATENATE('1-Blade sections'!AS47,",",'1-Blade sections'!AT47,",",'1-Blade sections'!$A$24*1000) -> 31,2165254335282,0,828091163584301,450 | L37: =CONCATENATE('1-Blade sections'!AV47,",",'1-Blade sections'!AW47,",",'1-Blade sections'!$A$25*1000) -> 0,0,0 | M37: =CONCATENATE('1-Blade sections'!AY47,",",'1-Blade sections'!AZ47,",",'1-Blade sections'!$A$26*1000) -> 0,0,0 | N37: =CONCATENATE('1-Blade sections'!BB47,",",'1-Blade sections'!BC47,",",'1-Blade sections'!$A$27*1000) -> 0,0,0 | O37: =CONCATENATE('1-Blade sections'!BE47,",",'1-Blade sections'!BF47,",",'1-Blade sections'!$A$28*1000) -> 0,0,0 | P37: =CONCATENATE('1-Blade sections'!BH47,",",'1-Blade sections'!BI47,",",'1-Blade sections'!$A$29*1000) -> 0,0,0 | Q37: =CONCATENATE('1-Blade sections'!BK47,",",'1-Blade sections'!BL47,",",'1-Blade sections'!$A$30*1000) -> 0,0,0 | R37: =CONCATENATE('1-Blade sections'!BN47,",",'1-Blade sections'!BO47,",",'1-Blade sections'!$A$31*1000) -> 0,0,0 | S37: =CONCATENATE('1-Blade sections'!BQ47,",",'1-Blade sections'!BR47,",",'1-Blade sections'!$A$32*1000) -> 0,0,0 | T37: =CONCATENATE('1-Blade sections'!BT47,",",'1-Blade sections'!BU47,",",'1-Blade sections'!$A$33*1000) -> 0,0,0
B38: =CONCATENATE('1-Blade sections'!R48,",",'1-Blade sections'!S48,",",'1-Blade sections'!$A$15*1000) -> 92,9033477714641,53,1257599683388,67,5 | C38: =CONCATENATE('1-Blade sections'!U48,",",'1-Blade sections'!V48,",",'1-Blade sections'!$A$16*1000) -> 89,6364637100853,32,8227605342651,112,5 | D38: =CONCATENATE('1-Blade sections'!X48,",",'1-Blade sections'!Y48,",",'1-Blade sections'!$A$17*1000) -> 77,0479883912911,19,5168563344482,157,5 | E38: =CONCATENATE('1-Blade sections'!AA48,",",'1-Blade sections'!AB48,",",'1-Blade sections'!$A$18*1000) -> 65,3899989138233,12,0097674285314,202,5 | F38: =CONCATENATE('1-Blade sections'!AD48,",",'1-Blade sections'!AE48,",",'1-Blade sections'!$A$19*1000) -> 56,0712596396534,7,67474368865268,247,5 | G38: =CONCATENATE('1-Blade sections'!AG48,",",'1-Blade sections'!AH48,",",'1-Blade sections'!$A$20*1000) -> 48,7799895518713,5,04556756809337,292,5 | H38: =CONCATENATE('1-Blade sections'!AJ48,",",'1-Blade sections'!AK48,",",'1-Blade sections'!$A$21*1000) -> 43,0271605292092,3,37364563441991,337,5 | I38: =CONCATENATE('1-Blade sections'!AM48,",",'1-Blade sections'!AN48,",",'1-Blade sections'!$A$22*1000) -> 38,415720137664,2,26650539089554,382,5 | J38: =CONCATENATE('1-Blade sections'!AP48,",",'1-Blade sections'!AQ48,",",'1-Blade sections'!$A$23*1000) -> 34,6565960863655,1,50835680532903,427,5 | K38: =CONCATENATE('1-Blade sections'!AS48,",",'1-Blade sections'!AT48,",",'1-Blade sections'!$A$24*1000) -> 34,6565960863655,1,50835680532903,450 | L38: =CONCATENATE('1-Blade sections'!AV48,",",'1-Blade sections'!AW48,",",'1-Blade sections'!$A$25*1000) -> 0,0,0 | M38: =CONCATENATE('1-Blade sections'!AY48,",",'1-Blade sections'!AZ48,",",'1-Blade sections'!$A$26*1000) -> 0,0,0 | N38: =CONCATENATE('1-Blade sections'!BB48,",",'1-Blade sections'!BC48,",",'1-Blade sections'!$A$27*1000) -> 0,0,0 | O38: =CONCATENATE('1-Blade sections'!BE48,",",'1-Blade sections'!BF48,",",'1-Blade sections'!$A$28*1000) -> 0,0,0 | P38: =CONCATENATE('1-Blade sections'!BH48,",",'1-Blade sections'!BI48,",",'1-Blade sections'!$A$29*1000) -> 0,0,0 | Q38: =CONCATENATE('1-Blade sections'!BK48,",",'1-Blade sections'!BL48,",",'1-Blade sections'!$A$30*1000) -> 0,0,0 | R38: =CONCATENATE('1-Blade sections'!BN48,",",'1-Blade sections'!BO48,",",'1-Blade sections'!$A$31*1000) -> 0,0,0 | S38: =CONCATENATE('1-Blade sections'!BQ48,",",'1-Blade sections'!BR48,",",'1-Blade sections'!$A$32*1000) -> 0,0,0 | T38: =CONCATENATE('1-Blade sections'!BT48,",",'1-Blade sections'!BU48,",",'1-Blade sections'!$A$33*1000) -> 0,0,0
